timestamp,artist_name,region,dsp,genre,isrc,streams,marketing_spend_usd
2026-04-18T09:43:09.943Z,Bad Bunny,Spain,TIDAL,Reggaeton,US-UMG-BA-1000,44483,1100
2026-05-04T13:23:49.717Z,Rosalía,Mexico,Apple Music,Pop,US-UMG-RO-1001,66741,1100
2026-05-04T12:48:35.736Z,J Balvin,Brazil,YouTube Music,Reggaeton,US-UMG-J -1002,47379,1100
2026-05-15T08:35:23.647Z,Karol G,Spain,Apple Music,Urbano,US-UMG-KA-1003,44560,1100
2026-04-23T05:11:01.351Z,Rauw Alejandro,Spain,YouTube Music,Urbano,US-UMG-RA-1004,46842,1100
2026-05-13T18:56:43.775Z,Anitta,Spain,Apple Music,Pop,US-UMG-AN-1005,50897,1100
2026-05-01T06:55:28.145Z,Peso Pluma,US-Latin,Apple Music,Musica Mexicana,US-UMG-PE-1006,18936,1100
2026-04-18T11:51:13.282Z,Shakira,Mexico,YouTube Music,Pop,US-UMG-SH-1007,11732,1100
2026-05-11T22:28:50.174Z,Bad Bunny,Brazil,YouTube Music,Reggaeton,US-UMG-BA-1008,12308,1100
2026-05-12T23:37:18.027Z,Rosalía,US-Latin,YouTube Music,Pop,US-UMG-RO-1009,34432,1100
2026-05-05T00:04:53.132Z,J Balvin,Argentina,Amazon Music,Reggaeton,US-UMG-J -1010,89850,1100
2026-04-21T04:28:44.236Z,Karol G,Spain,TIDAL,Urbano,US-UMG-KA-1011,44328,1100
2026-05-13T12:15:29.971Z,Rauw Alejandro,Brazil,Amazon Music,Urbano,US-UMG-RA-1012,94056,1100
2026-04-24T21:36:20.878Z,Anitta,US-Latin,Apple Music,Pop,US-UMG-AN-1013,29265,1100
2026-05-07T19:21:09.107Z,Peso Pluma,Spain,Apple Music,Musica Mexicana,US-UMG-PE-1014,59960,1100
2026-05-14T20:10:02.314Z,Shakira,Argentina,Amazon Music,Pop,US-UMG-SH-1015,96655,1100
2026-05-10T05:30:23.361Z,Bad Bunny,Mexico,Apple Music,Reggaeton,US-UMG-BA-1016,11671,1100
2026-04-23T20:58:33.966Z,Rosalía,Mexico,Spotify,Pop,US-UMG-RO-1017,61583,1100
2026-04-27T06:50:19.657Z,J Balvin,US-Latin,YouTube Music,Reggaeton,US-UMG-J -1018,58850,1100
2026-04-17T11:25:49.600Z,Karol G,Brazil,Amazon Music,Urbano,US-UMG-KA-1019,10394,1100
2026-05-06T18:34:22.683Z,Rauw Alejandro,Argentina,Apple Music,Urbano,US-UMG-RA-1020,57834,1100
2026-05-11T15:48:13.458Z,Anitta,Mexico,Spotify,Pop,US-UMG-AN-1021,59562,1100
2026-04-28T14:37:08.098Z,Peso Pluma,Brazil,Spotify,Musica Mexicana,US-UMG-PE-1022,84920,1100
2026-04-19T09:38:16.242Z,Shakira,Spain,Spotify,Pop,US-UMG-SH-1023,24962,1100
2026-04-18T13:44:07.662Z,Bad Bunny,Brazil,TIDAL,Reggaeton,US-UMG-BA-1024,87680,1100
2026-05-11T12:03:49.579Z,Rosalía,Mexico,YouTube Music,Pop,US-UMG-RO-1025,9244,1100
2026-05-10T10:08:56.280Z,J Balvin,Spain,YouTube Music,Reggaeton,US-UMG-J -1026,50790,1100
2026-05-04T09:07:27.201Z,Karol G,US-Latin,YouTube Music,Urbano,US-UMG-KA-1027,98066,1100
2026-05-13T18:19:10.500Z,Rauw Alejandro,Brazil,YouTube Music,Urbano,US-UMG-RA-1028,100182,1100
2026-04-27T09:54:05.000Z,Anitta,Spain,Apple Music,Pop,US-UMG-AN-1029,12833,1100
2026-05-03T18:18:08.281Z,Peso Pluma,Mexico,Spotify,Musica Mexicana,US-UMG-PE-1030,64590,1100
2026-05-04T17:22:23.893Z,Shakira,Mexico,Apple Music,Pop,US-UMG-SH-1031,41985,1100
2026-04-30T09:50:48.931Z,Bad Bunny,Argentina,Apple Music,Reggaeton,US-UMG-BA-1032,75973,1100
2026-04-28T15:51:58.516Z,Rosalía,Brazil,YouTube Music,Pop,US-UMG-RO-1033,84124,1100
2026-05-10T04:11:54.318Z,J Balvin,US-Latin,YouTube Music,Reggaeton,US-UMG-J -1034,65927,1100
2026-04-24T11:24:57.267Z,Karol G,Spain,YouTube Music,Urbano,US-UMG-KA-1035,87910,1100
2026-04-23T14:18:45.339Z,Rauw Alejandro,US-Latin,Amazon Music,Urbano,US-UMG-RA-1036,35278,1100
2026-05-12T13:15:43.309Z,Anitta,Argentina,YouTube Music,Pop,US-UMG-AN-1037,51356,1100
2026-04-23T02:10:15.127Z,Peso Pluma,Spain,Amazon Music,Musica Mexicana,US-UMG-PE-1038,89455,1100
2026-04-23T01:51:04.102Z,Shakira,Mexico,Spotify,Pop,US-UMG-SH-1039,66195,1100
2026-04-27T04:26:42.199Z,Bad Bunny,Brazil,YouTube Music,Reggaeton,US-UMG-BA-1040,3826,1100
2026-05-02T08:00:53.835Z,Rosalía,Argentina,Spotify,Pop,US-UMG-RO-1041,37486,1100
2026-05-03T21:00:17.576Z,J Balvin,Brazil,Apple Music,Reggaeton,US-UMG-J -1042,67962,1100
2026-04-30T16:17:29.969Z,Karol G,Mexico,Apple Music,Urbano,US-UMG-KA-1043,82432,1100
2026-05-14T09:46:27.572Z,Rauw Alejandro,US-Latin,Spotify,Urbano,US-UMG-RA-1044,58343,1100
2026-05-10T08:33:40.118Z,Anitta,Spain,Spotify,Pop,US-UMG-AN-1045,32485,1100
2026-05-12T08:59:02.816Z,Peso Pluma,Mexico,Spotify,Musica Mexicana,US-UMG-PE-1046,87609,1100
2026-05-01T16:20:27.312Z,Shakira,Mexico,Amazon Music,Pop,US-UMG-SH-1047,5322,1100
2026-05-11T08:34:09.895Z,Bad Bunny,Mexico,Apple Music,Reggaeton,US-UMG-BA-1048,2564,1100
2026-04-20T04:07:05.519Z,Rosalía,Spain,YouTube Music,Pop,US-UMG-RO-1049,84681,1100
2026-04-18T14:53:55.040Z,J Balvin,Argentina,TIDAL,Reggaeton,US-UMG-J -1050,68112,1100
2026-05-09T15:22:00.637Z,Karol G,Spain,TIDAL,Urbano,US-UMG-KA-1051,75031,1100
2026-05-03T12:01:19.587Z,Rauw Alejandro,Brazil,YouTube Music,Urbano,US-UMG-RA-1052,26659,1100
2026-04-30T13:06:37.245Z,Anitta,Argentina,Amazon Music,Pop,US-UMG-AN-1053,52003,1100
2026-04-21T01:55:29.067Z,Peso Pluma,Argentina,TIDAL,Musica Mexicana,US-UMG-PE-1054,79222,1100
2026-05-01T18:04:10.802Z,Shakira,Mexico,Amazon Music,Pop,US-UMG-SH-1055,14080,1100
2026-04-20T20:45:32.390Z,Bad Bunny,US-Latin,Spotify,Reggaeton,US-UMG-BA-1056,56495,1100
2026-05-16T11:08:02.870Z,Rosalía,Brazil,Amazon Music,Pop,US-UMG-RO-1057,10732,1100
2026-05-02T23:03:45.323Z,J Balvin,Mexico,TIDAL,Reggaeton,US-UMG-J -1058,65384,1100
2026-05-06T05:49:55.597Z,Karol G,Brazil,Apple Music,Urbano,US-UMG-KA-1059,55140,1100
2026-05-07T22:14:19.458Z,Rauw Alejandro,Argentina,Amazon Music,Urbano,US-UMG-RA-1060,98643,1100
2026-04-23T01:28:32.605Z,Anitta,Brazil,TIDAL,Pop,US-UMG-AN-1061,98312,1100
2026-05-03T21:59:26.778Z,Peso Pluma,US-Latin,Spotify,Musica Mexicana,US-UMG-PE-1062,42597,1100
2026-05-04T14:15:08.439Z,Shakira,Brazil,Spotify,Pop,US-UMG-SH-1063,74369,1100
2026-04-28T05:17:55.249Z,Bad Bunny,Argentina,Amazon Music,Reggaeton,US-UMG-BA-1064,29800,1100
2026-04-28T18:32:51.790Z,Rosalía,US-Latin,YouTube Music,Pop,US-UMG-RO-1065,76893,1100
2026-05-12T03:46:57.315Z,J Balvin,Spain,Apple Music,Reggaeton,US-UMG-J -1066,39956,1100
2026-05-05T10:14:11.620Z,Karol G,Argentina,TIDAL,Urbano,US-UMG-KA-1067,69093,1100
2026-05-02T18:49:07.327Z,Rauw Alejandro,Argentina,YouTube Music,Urbano,US-UMG-RA-1068,33023,1100
2026-04-23T20:49:03.055Z,Anitta,Spain,Apple Music,Pop,US-UMG-AN-1069,40150,1100
2026-05-13T23:08:15.078Z,Peso Pluma,Brazil,YouTube Music,Musica Mexicana,US-UMG-PE-1070,99255,1100
2026-05-07T22:18:44.396Z,Shakira,Argentina,Apple Music,Pop,US-UMG-SH-1071,38281,1100
2026-05-12T16:43:34.138Z,Bad Bunny,Argentina,YouTube Music,Reggaeton,US-UMG-BA-1072,55575,1100
2026-04-22T06:57:32.325Z,Rosalía,Spain,Apple Music,Pop,US-UMG-RO-1073,5765,1100
2026-05-08T23:05:38.591Z,J Balvin,Argentina,Apple Music,Reggaeton,US-UMG-J -1074,59607,1100
2026-05-01T07:14:05.594Z,Karol G,Brazil,Amazon Music,Urbano,US-UMG-KA-1075,24299,1100
2026-04-19T03:52:09.828Z,Rauw Alejandro,US-Latin,Amazon Music,Urbano,US-UMG-RA-1076,8306,1100
2026-04-26T02:54:17.993Z,Anitta,Mexico,YouTube Music,Pop,US-UMG-AN-1077,41691,1100
2026-05-16T07:14:38.395Z,Peso Pluma,Mexico,Apple Music,Musica Mexicana,US-UMG-PE-1078,46411,1100
2026-05-09T08:07:46.749Z,Shakira,US-Latin,YouTube Music,Pop,US-UMG-SH-1079,59983,1100
2026-05-11T05:05:40.215Z,Bad Bunny,US-Latin,TIDAL,Reggaeton,US-UMG-BA-1080,40264,1100
2026-05-03T16:32:52.913Z,Rosalía,US-Latin,YouTube Music,Pop,US-UMG-RO-1081,13725,1100
2026-05-04T23:22:13.135Z,J Balvin,Mexico,Spotify,Reggaeton,US-UMG-J -1082,14984,1100
2026-05-05T01:05:46.628Z,Karol G,Mexico,YouTube Music,Urbano,US-UMG-KA-1083,41490,1100
2026-05-07T22:53:13.115Z,Rauw Alejandro,Brazil,YouTube Music,Urbano,US-UMG-RA-1084,5929,1100
2026-05-05T15:20:09.357Z,Anitta,Argentina,TIDAL,Pop,US-UMG-AN-1085,3302,1100
2026-05-02T12:53:28.562Z,Peso Pluma,Brazil,YouTube Music,Musica Mexicana,US-UMG-PE-1086,41531,1100
2026-04-30T18:31:30.453Z,Shakira,US-Latin,YouTube Music,Pop,US-UMG-SH-1087,26418,1100
2026-04-20T14:33:45.884Z,Bad Bunny,Spain,YouTube Music,Reggaeton,US-UMG-BA-1088,87226,1100
2026-04-17T00:42:29.608Z,Rosalía,US-Latin,Amazon Music,Pop,US-UMG-RO-1089,48527,1100
2026-04-18T13:15:04.137Z,J Balvin,Brazil,Apple Music,Reggaeton,US-UMG-J -1090,79294,1100
2026-04-24T08:30:52.476Z,Karol G,Mexico,Apple Music,Urbano,US-UMG-KA-1091,1641,1100
2026-05-01T03:16:18.906Z,Rauw Alejandro,Mexico,TIDAL,Urbano,US-UMG-RA-1092,69119,1100
2026-05-12T06:51:30.451Z,Anitta,Mexico,Spotify,Pop,US-UMG-AN-1093,9418,1100
2026-05-07T05:08:25.367Z,Peso Pluma,US-Latin,Spotify,Musica Mexicana,US-UMG-PE-1094,58033,1100
2026-05-12T09:11:36.127Z,Shakira,Brazil,TIDAL,Pop,US-UMG-SH-1095,43743,1100
2026-04-27T16:03:32.829Z,Bad Bunny,Brazil,YouTube Music,Reggaeton,US-UMG-BA-1096,80945,1100
2026-05-15T10:26:24.240Z,Rosalía,Argentina,Apple Music,Pop,US-UMG-RO-1097,78823,1100
2026-05-10T20:45:47.821Z,J Balvin,Spain,YouTube Music,Reggaeton,US-UMG-J -1098,19255,1100
2026-04-17T21:23:14.734Z,Karol G,Mexico,Amazon Music,Urbano,US-UMG-KA-1099,85068,7848.42
2026-04-19T12:56:45.503Z,Rauw Alejandro,Argentina,Amazon Music,Urbano,US-UMG-RA-1100,15857,180
2026-04-21T11:42:58.636Z,Anitta,Spain,TIDAL,Pop,US-UMG-AN-1101,55230,234
2026-05-16T15:28:13.980Z,Peso Pluma,Brazil,YouTube Music,Musica Mexicana,US-UMG-PE-1102,76528,471
2026-05-02T22:07:43.447Z,Shakira,Brazil,Apple Music,Pop,US-UMG-SH-1103,52768,370
2026-05-03T22:01:24.373Z,Bad Bunny,Argentina,YouTube Music,Reggaeton,US-UMG-BA-1104,34608,502
2026-04-21T01:56:44.663Z,Rosalía,Mexico,YouTube Music,Pop,US-UMG-RO-1105,4375,168
2026-05-12T12:01:35.552Z,J Balvin,US-Latin,YouTube Music,Reggaeton,US-UMG-J -1106,69829,507
2026-04-26T07:49:20.213Z,Karol G,Mexico,TIDAL,Urbano,US-UMG-KA-1107,91317,157
2026-05-14T07:37:55.390Z,Rauw Alejandro,US-Latin,YouTube Music,Urbano,US-UMG-RA-1108,93351,518
2026-04-20T20:31:49.035Z,Anitta,Spain,YouTube Music,Pop,US-UMG-AN-1109,40464,490
2026-04-19T08:47:27.675Z,Peso Pluma,Mexico,Amazon Music,Musica Mexicana,US-UMG-PE-1110,56470,284
2026-04-23T12:20:35.711Z,Shakira,Brazil,TIDAL,Pop,US-UMG-SH-1111,95934,364
2026-05-09T23:15:46.215Z,Bad Bunny,Spain,TIDAL,Reggaeton,US-UMG-BA-1112,65546,480
2026-05-05T02:11:34.871Z,Rosalía,Argentina,TIDAL,Pop,US-UMG-RO-1113,81903,409
2026-05-10T08:47:39.981Z,J Balvin,US-Latin,TIDAL,Reggaeton,US-UMG-J -1114,4920,293
2026-04-26T01:06:04.376Z,Karol G,Argentina,YouTube Music,Urbano,US-UMG-KA-1115,62050,216
2026-04-25T23:29:10.803Z,Rauw Alejandro,Mexico,Apple Music,Urbano,US-UMG-RA-1116,67421,403
2026-05-04T03:39:20.656Z,Anitta,Mexico,YouTube Music,Pop,US-UMG-AN-1117,36877,496
2026-04-20T10:23:32.279Z,Peso Pluma,Spain,Amazon Music,Musica Mexicana,US-UMG-PE-1118,52539,356
2026-05-12T16:10:13.375Z,Shakira,Mexico,Apple Music,Pop,US-UMG-SH-1119,50825,489
2026-04-27T18:30:14.183Z,Bad Bunny,Spain,Apple Music,Reggaeton,US-UMG-BA-1120,74026,260
2026-05-13T02:50:28.795Z,Rosalía,Mexico,TIDAL,Pop,US-UMG-RO-1121,70052,345
2026-05-06T02:14:06.558Z,J Balvin,Brazil,Apple Music,Reggaeton,US-UMG-J -1122,49135,266
2026-05-10T09:18:05.315Z,Karol G,Spain,YouTube Music,Urbano,US-UMG-KA-1123,74297,6
2026-05-12T08:47:54.266Z,Rauw Alejandro,Spain,TIDAL,Urbano,US-UMG-RA-1124,65575,398
2026-05-16T05:41:26.520Z,Anitta,Spain,YouTube Music,Pop,US-UMG-AN-1125,75041,176
2026-05-13T22:48:10.471Z,Peso Pluma,Brazil,TIDAL,Musica Mexicana,US-UMG-PE-1126,60489,346
2026-04-30T11:26:16.824Z,Shakira,Spain,TIDAL,Pop,US-UMG-SH-1127,64389,195
2026-05-07T01:45:36.635Z,Bad Bunny,Mexico,Amazon Music,Reggaeton,US-UMG-BA-1128,2965,3
2026-04-22T00:21:33.682Z,Rosalía,Mexico,Amazon Music,Pop,US-UMG-RO-1129,76881,136
2026-05-09T07:12:26.380Z,J Balvin,Mexico,Spotify,Reggaeton,US-UMG-J -1130,40056,429
2026-05-05T13:46:55.691Z,Karol G,Argentina,Amazon Music,Urbano,US-UMG-KA-1131,5453,331
2026-05-07T13:58:06.702Z,Rauw Alejandro,Argentina,Amazon Music,Urbano,US-UMG-RA-1132,78481,291
2026-04-21T16:02:32.010Z,Anitta,Brazil,Apple Music,Pop,US-UMG-AN-1133,82313,11
2026-04-30T21:13:16.303Z,Peso Pluma,Brazil,Amazon Music,Musica Mexicana,US-UMG-PE-1134,56653,143
2026-04-27T00:49:40.426Z,Shakira,Mexico,TIDAL,Pop,US-UMG-SH-1135,16812,312
2026-04-25T13:45:31.590Z,Bad Bunny,Argentina,YouTube Music,Reggaeton,US-UMG-BA-1136,76534,243
2026-05-16T09:42:59.098Z,Rosalía,Argentina,Amazon Music,Pop,US-UMG-RO-1137,71546,516
2026-04-29T18:12:03.614Z,J Balvin,Argentina,YouTube Music,Reggaeton,US-UMG-J -1138,21305,505
2026-04-20T04:42:02.125Z,Karol G,US-Latin,Apple Music,Urbano,US-UMG-KA-1139,42441,462
2026-04-23T18:25:14.784Z,Rauw Alejandro,Brazil,Spotify,Urbano,US-UMG-RA-1140,33173,312
2026-05-06T18:05:24.845Z,Anitta,Brazil,TIDAL,Pop,US-UMG-AN-1141,41289,219
2026-04-26T07:46:46.505Z,Peso Pluma,Spain,Apple Music,Musica Mexicana,US-UMG-PE-1142,44295,457
2026-04-26T03:43:55.002Z,Shakira,Spain,Amazon Music,Pop,US-UMG-SH-1143,27801,134
2026-05-12T21:36:19.174Z,Bad Bunny,US-Latin,YouTube Music,Reggaeton,US-UMG-BA-1144,93184,448
2026-05-08T14:49:45.643Z,Rosalía,US-Latin,Amazon Music,Pop,US-UMG-RO-1145,21097,21
2026-04-21T18:51:35.033Z,J Balvin,Mexico,Apple Music,Reggaeton,US-UMG-J -1146,9760,71
2026-04-22T03:18:45.088Z,Karol G,Mexico,Spotify,Urbano,US-UMG-KA-1147,86887,304
2026-04-27T01:16:49.498Z,Rauw Alejandro,Mexico,Spotify,Urbano,US-UMG-RA-1148,73209,351
2026-04-18T03:54:06.223Z,Anitta,US-Latin,Spotify,Pop,US-UMG-AN-1149,9662,298
2026-04-25T02:05:54.223Z,Peso Pluma,Brazil,Amazon Music,Musica Mexicana,US-UMG-PE-1150,30626,167
2026-04-21T13:22:35.381Z,Shakira,Brazil,Apple Music,Pop,US-UMG-SH-1151,93329,73
2026-05-12T08:48:30.666Z,Bad Bunny,Brazil,YouTube Music,Reggaeton,US-UMG-BA-1152,40095,330
2026-05-15T16:52:27.106Z,Rosalía,Brazil,Spotify,Pop,US-UMG-RO-1153,63923,207
2026-04-24T17:34:28.477Z,J Balvin,Brazil,Spotify,Reggaeton,US-UMG-J -1154,91114,177
2026-05-06T17:39:39.694Z,Karol G,Mexico,Amazon Music,Urbano,US-UMG-KA-1155,24061,46
2026-04-29T04:56:50.173Z,Rauw Alejandro,US-Latin,Spotify,Urbano,US-UMG-RA-1156,4665,259
2026-05-07T03:19:40.047Z,Anitta,US-Latin,TIDAL,Pop,US-UMG-AN-1157,84761,93
2026-05-01T21:59:04.094Z,Peso Pluma,US-Latin,Apple Music,Musica Mexicana,US-UMG-PE-1158,77423,222
2026-04-26T22:19:10.516Z,Shakira,Spain,Apple Music,Pop,US-UMG-SH-1159,68851,480
2026-04-18T20:55:10.869Z,Bad Bunny,Mexico,TIDAL,Reggaeton,US-UMG-BA-1160,43981,170
2026-04-30T05:23:01.239Z,Rosalía,Brazil,Amazon Music,Pop,US-UMG-RO-1161,87518,102
2026-05-11T16:49:04.818Z,J Balvin,Argentina,Amazon Music,Reggaeton,US-UMG-J -1162,68183,330
2026-05-12T00:11:36.070Z,Karol G,Argentina,Amazon Music,Urbano,US-UMG-KA-1163,29761,469
2026-04-30T03:20:16.395Z,Rauw Alejandro,Brazil,TIDAL,Urbano,US-UMG-RA-1164,39396,347
2026-05-09T21:16:23.532Z,Anitta,Mexico,YouTube Music,Pop,US-UMG-AN-1165,36910,480
2026-05-08T16:55:40.839Z,Peso Pluma,US-Latin,Spotify,Musica Mexicana,US-UMG-PE-1166,56334,322
2026-04-29T20:30:00.720Z,Shakira,US-Latin,YouTube Music,Pop,US-UMG-SH-1167,76144,458
2026-04-30T08:32:41.272Z,Bad Bunny,Spain,YouTube Music,Reggaeton,US-UMG-BA-1168,52801,303
2026-05-16T06:44:51.272Z,Rosalía,Spain,Spotify,Pop,US-UMG-RO-1169,64750,345
2026-05-10T01:50:40.357Z,J Balvin,Mexico,TIDAL,Reggaeton,US-UMG-J -1170,95194,126
2026-04-21T01:50:45.718Z,Karol G,Brazil,Spotify,Urbano,US-UMG-KA-1171,77225,393
2026-04-28T11:43:52.175Z,Rauw Alejandro,Spain,TIDAL,Urbano,US-UMG-RA-1172,61667,219
2026-04-20T15:09:56.547Z,Anitta,Argentina,Apple Music,Pop,US-UMG-AN-1173,63998,464
2026-04-22T18:07:52.978Z,Peso Pluma,Brazil,TIDAL,Musica Mexicana,US-UMG-PE-1174,43623,334
2026-04-22T14:53:08.216Z,Shakira,US-Latin,YouTube Music,Pop,US-UMG-SH-1175,91696,360
2026-04-30T02:59:14.137Z,Bad Bunny,US-Latin,Amazon Music,Reggaeton,US-UMG-BA-1176,76265,128
2026-04-16T18:45:16.969Z,Rosalía,Argentina,Amazon Music,Pop,US-UMG-RO-1177,60124,479
2026-05-12T13:51:21.397Z,J Balvin,Argentina,TIDAL,Reggaeton,US-UMG-J -1178,48690,268
2026-05-12T00:17:59.167Z,Karol G,Mexico,Apple Music,Urbano,US-UMG-KA-1179,32468,126
2026-04-21T19:55:37.047Z,Rauw Alejandro,US-Latin,Apple Music,Urbano,US-UMG-RA-1180,15536,407
2026-04-19T05:30:07.582Z,Anitta,Argentina,Amazon Music,Pop,US-UMG-AN-1181,99753,398
2026-05-06T09:32:20.775Z,Peso Pluma,US-Latin,YouTube Music,Musica Mexicana,US-UMG-PE-1182,55032,51
2026-05-09T10:39:40.292Z,Shakira,Brazil,YouTube Music,Pop,US-UMG-SH-1183,8003,268
2026-05-06T03:58:21.039Z,Bad Bunny,Brazil,Amazon Music,Reggaeton,US-UMG-BA-1184,3498,12
2026-04-18T02:16:24.071Z,Rosalía,US-Latin,Spotify,Pop,US-UMG-RO-1185,90844,462
2026-05-14T06:44:07.650Z,J Balvin,Argentina,YouTube Music,Reggaeton,US-UMG-J -1186,28032,211
2026-05-10T01:43:38.707Z,Karol G,US-Latin,Amazon Music,Urbano,US-UMG-KA-1187,66788,333
2026-04-24T23:01:49.065Z,Rauw Alejandro,Argentina,Apple Music,Urbano,US-UMG-RA-1188,35642,198
2026-04-17T14:53:58.682Z,Anitta,US-Latin,YouTube Music,Pop,US-UMG-AN-1189,58626,394
2026-04-21T06:43:37.307Z,Peso Pluma,US-Latin,Spotify,Musica Mexicana,US-UMG-PE-1190,79822,448
2026-05-02T03:04:50.669Z,Shakira,Argentina,Amazon Music,Pop,US-UMG-SH-1191,57140,320
2026-04-23T04:03:10.576Z,Bad Bunny,Mexico,Apple Music,Reggaeton,US-UMG-BA-1192,42612,320
2026-05-14T06:23:12.824Z,Rosalía,Spain,Apple Music,Pop,US-UMG-RO-1193,95784,104
2026-05-07T07:10:46.494Z,J Balvin,US-Latin,Apple Music,Reggaeton,US-UMG-J -1194,44239,208
2026-04-29T15:54:52.489Z,Karol G,Brazil,TIDAL,Urbano,US-UMG-KA-1195,7958,445
2026-05-01T01:45:33.443Z,Rauw Alejandro,Mexico,YouTube Music,Urbano,US-UMG-RA-1196,89825,368
2026-05-11T04:46:12.188Z,Anitta,Argentina,YouTube Music,Pop,US-UMG-AN-1197,5319,95
2026-04-28T14:49:35.116Z,Peso Pluma,Argentina,Spotify,Musica Mexicana,US-UMG-PE-1198,62793,12
2026-04-21T01:01:44.433Z,Shakira,US-Latin,YouTube Music,Pop,US-UMG-SH-1199,80000,480
2026-05-03T02:09:29.593Z,Bad Bunny,Mexico,Spotify,Reggaeton,US-UMG-BA-1200,34821,1
2026-04-17T01:06:53.668Z,Rosalía,Mexico,Apple Music,Pop,US-UMG-RO-1201,71332,125
2026-04-18T14:53:29.280Z,J Balvin,US-Latin,TIDAL,Reggaeton,US-UMG-J -1202,94813,337
2026-05-01T04:07:13.287Z,Karol G,Brazil,Amazon Music,Urbano,US-UMG-KA-1203,17982,259
2026-04-22T00:03:51.402Z,Rauw Alejandro,US-Latin,Amazon Music,Urbano,US-UMG-RA-1204,72848,293
2026-05-04T17:53:05.392Z,Anitta,Spain,Apple Music,Pop,US-UMG-AN-1205,85748,16
2026-04-18T20:17:32.909Z,Peso Pluma,Mexico,Apple Music,Musica Mexicana,US-UMG-PE-1206,32471,310
2026-05-05T22:20:24.786Z,Shakira,Argentina,TIDAL,Pop,US-UMG-SH-1207,27230,236
2026-05-05T06:02:32.891Z,Bad Bunny,Mexico,TIDAL,Reggaeton,US-UMG-BA-1208,67181,387
2026-04-28T06:44:51.568Z,Rosalía,Brazil,Amazon Music,Pop,US-UMG-RO-1209,78795,206
2026-05-05T11:54:59.302Z,J Balvin,Brazil,TIDAL,Reggaeton,US-UMG-J -1210,48922,262
2026-04-30T02:09:28.928Z,Karol G,US-Latin,YouTube Music,Urbano,US-UMG-KA-1211,32199,403
2026-05-14T01:32:13.144Z,Rauw Alejandro,Argentina,Amazon Music,Urbano,US-UMG-RA-1212,31606,29
2026-04-22T09:41:03.699Z,Anitta,Brazil,Spotify,Pop,US-UMG-AN-1213,61048,509
2026-05-12T06:26:59.192Z,Peso Pluma,Mexico,TIDAL,Musica Mexicana,US-UMG-PE-1214,76974,495
2026-05-09T08:13:22.884Z,Shakira,US-Latin,Amazon Music,Pop,US-UMG-SH-1215,69545,450
2026-04-18T00:08:21.391Z,Bad Bunny,Mexico,Spotify,Reggaeton,US-UMG-BA-1216,35095,10
2026-04-21T19:39:07.508Z,Rosalía,Argentina,Apple Music,Pop,US-UMG-RO-1217,35016,407
2026-04-18T19:13:43.216Z,J Balvin,Mexico,YouTube Music,Reggaeton,US-UMG-J -1218,56023,261
2026-04-17T14:58:09.591Z,Karol G,Mexico,Amazon Music,Urbano,US-UMG-KA-1219,17689,365
2026-05-14T03:23:07.261Z,Rauw Alejandro,Mexico,YouTube Music,Urbano,US-UMG-RA-1220,44968,81
2026-04-27T16:29:21.178Z,Anitta,Brazil,YouTube Music,Pop,US-UMG-AN-1221,64483,367
2026-05-15T05:48:31.494Z,Peso Pluma,Argentina,YouTube Music,Musica Mexicana,US-UMG-PE-1222,42830,359
2026-04-24T14:52:10.320Z,Shakira,Spain,Apple Music,Pop,US-UMG-SH-1223,78923,129
2026-04-17T05:49:33.732Z,Bad Bunny,Spain,Apple Music,Reggaeton,US-UMG-BA-1224,8468,17
2026-04-20T07:08:02.242Z,Rosalía,Argentina,YouTube Music,Pop,US-UMG-RO-1225,54412,36
2026-04-24T14:52:18.548Z,J Balvin,Mexico,TIDAL,Reggaeton,US-UMG-J -1226,24221,386
2026-05-14T09:45:41.190Z,Karol G,Brazil,TIDAL,Urbano,US-UMG-KA-1227,21844,108
2026-05-12T14:58:23.038Z,Rauw Alejandro,Argentina,TIDAL,Urbano,US-UMG-RA-1228,38758,466
2026-04-28T18:44:22.504Z,Anitta,Brazil,Amazon Music,Pop,US-UMG-AN-1229,73865,99
2026-04-24T12:07:20.510Z,Peso Pluma,Mexico,YouTube Music,Musica Mexicana,US-UMG-PE-1230,26057,311
2026-04-19T00:16:09.459Z,Shakira,Mexico,Spotify,Pop,US-UMG-SH-1231,85662,321
2026-04-21T05:59:38.274Z,Bad Bunny,Spain,TIDAL,Reggaeton,US-UMG-BA-1232,16126,44
2026-05-01T20:56:43.772Z,Rosalía,Brazil,Spotify,Pop,US-UMG-RO-1233,61547,361
2026-04-18T13:45:22.419Z,J Balvin,Brazil,TIDAL,Reggaeton,US-UMG-J -1234,12704,445
2026-05-03T13:34:38.884Z,Karol G,Spain,Amazon Music,Urbano,US-UMG-KA-1235,94455,406
2026-05-09T03:14:42.034Z,Rauw Alejandro,Spain,Spotify,Urbano,US-UMG-RA-1236,38770,300
2026-04-28T02:24:03.689Z,Anitta,Mexico,YouTube Music,Pop,US-UMG-AN-1237,14072,167
2026-05-11T22:59:23.141Z,Peso Pluma,Argentina,TIDAL,Musica Mexicana,US-UMG-PE-1238,45787,33
2026-05-13T19:42:20.534Z,Shakira,Argentina,Spotify,Pop,US-UMG-SH-1239,41095,53
2026-05-12T03:40:20.622Z,Bad Bunny,Spain,Amazon Music,Reggaeton,US-UMG-BA-1240,83548,190
2026-04-19T05:51:59.966Z,Rosalía,Spain,YouTube Music,Pop,US-UMG-RO-1241,68249,36
2026-05-11T03:02:04.692Z,J Balvin,Mexico,YouTube Music,Reggaeton,US-UMG-J -1242,60875,399
2026-05-14T22:15:28.817Z,Karol G,US-Latin,TIDAL,Urbano,US-UMG-KA-1243,93163,182
2026-05-03T02:35:23.248Z,Rauw Alejandro,Spain,YouTube Music,Urbano,US-UMG-RA-1244,99996,284
2026-04-18T00:10:42.229Z,Anitta,US-Latin,Spotify,Pop,US-UMG-AN-1245,46039,318
2026-05-09T17:21:36.891Z,Peso Pluma,Brazil,Amazon Music,Musica Mexicana,US-UMG-PE-1246,42800,226
2026-05-14T16:36:04.468Z,Shakira,Brazil,YouTube Music,Pop,US-UMG-SH-1247,64113,223
2026-04-19T02:12:55.340Z,Bad Bunny,Argentina,Apple Music,Reggaeton,US-UMG-BA-1248,21071,90
2026-05-09T12:08:05.324Z,Rosalía,Spain,Spotify,Pop,US-UMG-RO-1249,7507,284
2026-05-16T04:58:49.185Z,J Balvin,Argentina,TIDAL,Reggaeton,US-UMG-J -1250,37462,462
2026-04-27T10:12:13.655Z,Karol G,US-Latin,Amazon Music,Urbano,US-UMG-KA-1251,40079,485
2026-04-20T04:39:56.285Z,Rauw Alejandro,Mexico,YouTube Music,Urbano,US-UMG-RA-1252,34011,297
2026-04-22T15:09:00.154Z,Anitta,Spain,YouTube Music,Pop,US-UMG-AN-1253,3067,217
2026-05-14T20:25:57.679Z,Peso Pluma,Argentina,TIDAL,Musica Mexicana,US-UMG-PE-1254,3497,327
2026-05-12T07:56:30.019Z,Shakira,US-Latin,Amazon Music,Pop,US-UMG-SH-1255,36780,292
2026-04-16T23:46:43.546Z,Bad Bunny,Spain,Spotify,Reggaeton,US-UMG-BA-1256,62698,237
2026-05-08T01:31:07.526Z,Rosalía,Argentina,Amazon Music,Pop,US-UMG-RO-1257,100690,270
2026-04-18T08:15:47.209Z,J Balvin,US-Latin,Amazon Music,Reggaeton,US-UMG-J -1258,43805,308
2026-04-21T17:50:19.435Z,Karol G,Spain,Spotify,Urbano,US-UMG-KA-1259,33009,301
2026-04-25T11:17:26.280Z,Rauw Alejandro,Brazil,Amazon Music,Urbano,US-UMG-RA-1260,87432,433
2026-05-05T02:37:25.116Z,Anitta,Spain,YouTube Music,Pop,US-UMG-AN-1261,38148,332
2026-05-01T20:55:38.362Z,Peso Pluma,Mexico,Amazon Music,Musica Mexicana,US-UMG-PE-1262,80422,5
2026-05-16T04:10:30.789Z,Shakira,Argentina,Amazon Music,Pop,US-UMG-SH-1263,68380,317
2026-04-25T13:00:22.706Z,Bad Bunny,Mexico,TIDAL,Reggaeton,US-UMG-BA-1264,83886,426
2026-04-24T22:32:21.556Z,Rosalía,Brazil,Amazon Music,Pop,US-UMG-RO-1265,15805,72
2026-05-06T06:34:42.344Z,J Balvin,Mexico,YouTube Music,Reggaeton,US-UMG-J -1266,56688,517
2026-05-06T05:28:54.588Z,Karol G,US-Latin,Amazon Music,Urbano,US-UMG-KA-1267,43113,328
2026-05-04T21:45:33.257Z,Rauw Alejandro,US-Latin,TIDAL,Urbano,US-UMG-RA-1268,52210,358
2026-04-28T12:54:25.437Z,Anitta,Argentina,Apple Music,Pop,US-UMG-AN-1269,73999,399
2026-04-28T20:57:29.266Z,Peso Pluma,US-Latin,YouTube Music,Musica Mexicana,US-UMG-PE-1270,35485,473
2026-04-22T12:40:05.669Z,Shakira,Spain,Amazon Music,Pop,US-UMG-SH-1271,10601,491
2026-05-14T06:43:52.435Z,Bad Bunny,Mexico,YouTube Music,Reggaeton,US-UMG-BA-1272,36663,17
2026-05-15T18:10:02.175Z,Rosalía,US-Latin,Spotify,Pop,US-UMG-RO-1273,21948,188
2026-05-15T02:06:00.949Z,J Balvin,Argentina,TIDAL,Reggaeton,US-UMG-J -1274,62512,200
2026-05-09T21:26:57.383Z,Karol G,Mexico,TIDAL,Urbano,US-UMG-KA-1275,59998,136
2026-04-25T05:19:36.668Z,Rauw Alejandro,Argentina,Spotify,Urbano,US-UMG-RA-1276,5872,463
2026-05-02T18:47:38.507Z,Anitta,Brazil,Amazon Music,Pop,US-UMG-AN-1277,3620,386
2026-05-02T04:34:34.419Z,Peso Pluma,Argentina,YouTube Music,Musica Mexicana,US-UMG-PE-1278,69812,410
2026-04-29T19:37:41.356Z,Shakira,Mexico,Spotify,Pop,US-UMG-SH-1279,90195,413
2026-04-16T21:45:01.367Z,Bad Bunny,Spain,Amazon Music,Reggaeton,US-UMG-BA-1280,80567,265
2026-05-07T18:15:14.078Z,Rosalía,Spain,YouTube Music,Pop,US-UMG-RO-1281,16830,408
2026-04-20T13:19:43.803Z,J Balvin,Mexico,Spotify,Reggaeton,US-UMG-J -1282,75773,73
2026-04-27T01:54:51.311Z,Karol G,Argentina,YouTube Music,Urbano,US-UMG-KA-1283,70996,156
2026-05-12T09:19:09.881Z,Rauw Alejandro,Mexico,Amazon Music,Urbano,US-UMG-RA-1284,33170,112
2026-04-21T17:07:03.721Z,Anitta,Brazil,YouTube Music,Pop,US-UMG-AN-1285,1066,496
2026-05-08T04:58:49.153Z,Peso Pluma,US-Latin,YouTube Music,Musica Mexicana,US-UMG-PE-1286,86874,113
2026-05-02T04:53:02.810Z,Shakira,US-Latin,TIDAL,Pop,US-UMG-SH-1287,15868,236
2026-05-14T21:11:55.337Z,Bad Bunny,Spain,Apple Music,Reggaeton,US-UMG-BA-1288,74457,188
2026-04-17T09:17:23.208Z,Rosalía,Mexico,YouTube Music,Pop,US-UMG-RO-1289,87262,406
2026-05-08T17:29:50.982Z,J Balvin,Brazil,Apple Music,Reggaeton,US-UMG-J -1290,71449,410
2026-04-26T00:23:24.313Z,Karol G,US-Latin,TIDAL,Urbano,US-UMG-KA-1291,17214,45
2026-05-12T15:40:09.104Z,Rauw Alejandro,Spain,Apple Music,Urbano,US-UMG-RA-1292,18106,398
2026-04-17T08:09:16.825Z,Anitta,US-Latin,Spotify,Pop,US-UMG-AN-1293,33937,327
2026-04-25T18:14:48.070Z,Peso Pluma,Mexico,Amazon Music,Musica Mexicana,US-UMG-PE-1294,47794,313
2026-04-25T03:58:04.754Z,Shakira,Mexico,TIDAL,Pop,US-UMG-SH-1295,59622,110
2026-04-19T22:46:31.970Z,Bad Bunny,Mexico,Spotify,Reggaeton,US-UMG-BA-1296,85683,114
2026-05-03T22:16:10.324Z,Rosalía,Spain,Amazon Music,Pop,US-UMG-RO-1297,61573,91
2026-05-15T02:56:49.841Z,J Balvin,US-Latin,Spotify,Reggaeton,US-UMG-J -1298,57397,410
2026-05-04T14:34:40.641Z,Karol G,US-Latin,TIDAL,Urbano,US-UMG-KA-1299,73761,336
2026-05-07T11:32:04.586Z,Rauw Alejandro,Spain,TIDAL,Urbano,US-UMG-RA-1300,42452,396
2026-04-19T21:36:47.355Z,Anitta,Argentina,TIDAL,Pop,US-UMG-AN-1301,37442,80
2026-04-29T06:42:37.452Z,Peso Pluma,Argentina,Amazon Music,Musica Mexicana,US-UMG-PE-1302,52752,111
2026-05-12T04:02:23.246Z,Shakira,Spain,Apple Music,Pop,US-UMG-SH-1303,12276,270
2026-04-24T10:13:14.855Z,Bad Bunny,US-Latin,Apple Music,Reggaeton,US-UMG-BA-1304,5925,166
2026-04-30T20:59:11.899Z,Rosalía,Mexico,TIDAL,Pop,US-UMG-RO-1305,38843,425
2026-04-27T00:56:01.740Z,J Balvin,Brazil,Spotify,Reggaeton,US-UMG-J -1306,10225,392
2026-05-13T09:09:17.071Z,Karol G,Brazil,Amazon Music,Urbano,US-UMG-KA-1307,69152,493
2026-05-10T01:28:38.115Z,Rauw Alejandro,Argentina,Amazon Music,Urbano,US-UMG-RA-1308,46466,396
2026-04-18T01:15:52.018Z,Anitta,Spain,Apple Music,Pop,US-UMG-AN-1309,81085,131
2026-05-10T09:09:46.345Z,Peso Pluma,Brazil,YouTube Music,Musica Mexicana,US-UMG-PE-1310,98051,238
2026-04-21T12:11:41.642Z,Shakira,Brazil,TIDAL,Pop,US-UMG-SH-1311,31064,320
2026-04-25T09:02:27.967Z,Bad Bunny,Brazil,Amazon Music,Reggaeton,US-UMG-BA-1312,41921,339
2026-05-13T09:57:48.164Z,Rosalía,Argentina,Apple Music,Pop,US-UMG-RO-1313,48221,18
2026-04-29T17:40:38.806Z,J Balvin,Argentina,Spotify,Reggaeton,US-UMG-J -1314,49276,211
2026-05-07T19:56:49.798Z,Karol G,Brazil,Apple Music,Urbano,US-UMG-KA-1315,64928,124
2026-04-30T06:41:22.176Z,Rauw Alejandro,US-Latin,YouTube Music,Urbano,US-UMG-RA-1316,34181,276
2026-05-11T13:28:13.518Z,Anitta,US-Latin,YouTube Music,Pop,US-UMG-AN-1317,71979,463
2026-04-23T13:56:06.277Z,Peso Pluma,Argentina,TIDAL,Musica Mexicana,US-UMG-PE-1318,95862,102
2026-05-05T15:47:24.847Z,Shakira,Mexico,Apple Music,Pop,US-UMG-SH-1319,20319,208
2026-05-07T08:09:17.574Z,Bad Bunny,Spain,Amazon Music,Reggaeton,US-UMG-BA-1320,7441,165
2026-04-24T23:08:44.466Z,Rosalía,Argentina,YouTube Music,Pop,US-UMG-RO-1321,84745,258
2026-04-28T22:32:36.329Z,J Balvin,Spain,TIDAL,Reggaeton,US-UMG-J -1322,35098,298
2026-04-19T17:21:37.787Z,Karol G,Spain,Amazon Music,Urbano,US-UMG-KA-1323,56498,507
2026-05-13T23:22:39.683Z,Rauw Alejandro,Brazil,Apple Music,Urbano,US-UMG-RA-1324,25832,74
2026-04-24T01:55:17.876Z,Anitta,Mexico,Amazon Music,Pop,US-UMG-AN-1325,31951,334
2026-04-21T13:44:06.673Z,Peso Pluma,Brazil,Amazon Music,Musica Mexicana,US-UMG-PE-1326,28060,82
2026-04-28T14:56:20.746Z,Shakira,Spain,Amazon Music,Pop,US-UMG-SH-1327,30094,45
2026-05-12T02:36:25.173Z,Bad Bunny,Brazil,TIDAL,Reggaeton,US-UMG-BA-1328,35965,83
2026-04-22T09:07:59.920Z,Rosalía,Brazil,Spotify,Pop,US-UMG-RO-1329,45385,198
2026-04-26T13:35:06.428Z,J Balvin,Argentina,Spotify,Reggaeton,US-UMG-J -1330,96889,512
2026-04-21T14:28:54.752Z,Karol G,Mexico,Amazon Music,Urbano,US-UMG-KA-1331,30802,171
2026-04-17T22:57:18.931Z,Rauw Alejandro,Brazil,Spotify,Urbano,US-UMG-RA-1332,93906,430
2026-05-12T03:05:41.861Z,Anitta,Mexico,YouTube Music,Pop,US-UMG-AN-1333,29776,510
2026-04-23T12:47:42.659Z,Peso Pluma,Brazil,TIDAL,Musica Mexicana,US-UMG-PE-1334,68815,177
2026-05-04T08:26:08.804Z,Shakira,US-Latin,YouTube Music,Pop,US-UMG-SH-1335,10527,87
2026-05-08T07:03:24.828Z,Bad Bunny,Brazil,Spotify,Reggaeton,US-UMG-BA-1336,34819,13
2026-05-06T12:29:31.689Z,Rosalía,US-Latin,TIDAL,Pop,US-UMG-RO-1337,94389,354
2026-05-02T17:20:03.229Z,J Balvin,Mexico,Apple Music,Reggaeton,US-UMG-J -1338,50604,90
2026-04-24T00:52:28.852Z,Karol G,Argentina,TIDAL,Urbano,US-UMG-KA-1339,15896,292
2026-05-05T10:36:51.557Z,Rauw Alejandro,US-Latin,Amazon Music,Urbano,US-UMG-RA-1340,94384,167
2026-04-21T09:31:46.339Z,Anitta,US-Latin,Amazon Music,Pop,US-UMG-AN-1341,91836,80
2026-05-09T02:30:23.784Z,Peso Pluma,Argentina,Apple Music,Musica Mexicana,US-UMG-PE-1342,90719,392
2026-04-21T20:39:53.754Z,Shakira,Argentina,YouTube Music,Pop,US-UMG-SH-1343,22686,218
2026-04-17T01:26:44.867Z,Bad Bunny,Spain,TIDAL,Reggaeton,US-UMG-BA-1344,24470,56
2026-04-20T13:45:55.042Z,Rosalía,Brazil,Amazon Music,Pop,US-UMG-RO-1345,2532,50
2026-05-13T15:55:17.023Z,J Balvin,Argentina,Spotify,Reggaeton,US-UMG-J -1346,92548,18
2026-05-02T10:27:31.492Z,Karol G,Brazil,Amazon Music,Urbano,US-UMG-KA-1347,48305,368
2026-05-11T11:39:56.890Z,Rauw Alejandro,Mexico,TIDAL,Urbano,US-UMG-RA-1348,29044,235
2026-05-07T07:17:34.501Z,Anitta,Spain,Apple Music,Pop,US-UMG-AN-1349,84107,155
2026-05-01T04:02:41.999Z,Peso Pluma,Spain,Apple Music,Musica Mexicana,US-UMG-PE-1350,70704,279
2026-05-06T10:45:08.530Z,Shakira,Brazil,YouTube Music,Pop,US-UMG-SH-1351,57132,415
2026-05-04T16:32:50.354Z,Bad Bunny,US-Latin,YouTube Music,Reggaeton,US-UMG-BA-1352,70813,204
2026-04-29T15:51:15.031Z,Rosalía,Mexico,Spotify,Pop,US-UMG-RO-1353,72868,94
2026-05-05T20:43:01.601Z,J Balvin,Mexico,TIDAL,Reggaeton,US-UMG-J -1354,93289,429
2026-05-15T03:09:23.269Z,Karol G,Brazil,Spotify,Urbano,US-UMG-KA-1355,100887,512
2026-05-05T23:53:54.774Z,Rauw Alejandro,Mexico,YouTube Music,Urbano,US-UMG-RA-1356,5996,476
2026-04-20T03:10:10.238Z,Anitta,Brazil,Spotify,Pop,US-UMG-AN-1357,87243,150
2026-04-25T04:38:41.877Z,Peso Pluma,Argentina,Amazon Music,Musica Mexicana,US-UMG-PE-1358,96568,401
2026-05-06T22:52:07.740Z,Shakira,Argentina,Apple Music,Pop,US-UMG-SH-1359,7842,99
2026-05-06T14:56:01.018Z,Bad Bunny,Brazil,YouTube Music,Reggaeton,US-UMG-BA-1360,95838,335
2026-04-24T23:10:08.807Z,Rosalía,Brazil,TIDAL,Pop,US-UMG-RO-1361,34548,228
2026-04-29T01:11:07.124Z,J Balvin,Spain,Amazon Music,Reggaeton,US-UMG-J -1362,11992,489
2026-05-01T21:21:05.404Z,Karol G,Spain,Apple Music,Urbano,US-UMG-KA-1363,81350,316
2026-04-21T23:29:10.339Z,Rauw Alejandro,Spain,Apple Music,Urbano,US-UMG-RA-1364,64223,362
2026-05-07T05:03:34.794Z,Anitta,Brazil,Spotify,Pop,US-UMG-AN-1365,60926,74
2026-04-22T05:17:22.738Z,Peso Pluma,Brazil,Apple Music,Musica Mexicana,US-UMG-PE-1366,56889,483
2026-04-16T22:45:02.748Z,Shakira,Mexico,TIDAL,Pop,US-UMG-SH-1367,12793,201
2026-04-27T06:39:00.328Z,Bad Bunny,Mexico,Apple Music,Reggaeton,US-UMG-BA-1368,91065,108
2026-04-23T03:12:02.491Z,Rosalía,Spain,Spotify,Pop,US-UMG-RO-1369,35294,339
2026-04-25T18:30:23.906Z,J Balvin,Brazil,Apple Music,Reggaeton,US-UMG-J -1370,94390,442
2026-04-25T04:41:25.025Z,Karol G,Argentina,Amazon Music,Urbano,US-UMG-KA-1371,78735,483
2026-04-18T04:58:49.213Z,Rauw Alejandro,US-Latin,Amazon Music,Urbano,US-UMG-RA-1372,27915,519
2026-04-22T08:03:45.314Z,Anitta,Brazil,TIDAL,Pop,US-UMG-AN-1373,36395,412
2026-04-19T05:05:56.389Z,Peso Pluma,Mexico,TIDAL,Musica Mexicana,US-UMG-PE-1374,98901,178
2026-04-21T13:25:59.637Z,Shakira,Brazil,Amazon Music,Pop,US-UMG-SH-1375,23706,411
2026-04-17T20:53:36.364Z,Bad Bunny,Spain,YouTube Music,Reggaeton,US-UMG-BA-1376,44963,476
2026-05-10T01:29:03.026Z,Rosalía,Mexico,TIDAL,Pop,US-UMG-RO-1377,5814,280
2026-04-27T04:40:06.819Z,J Balvin,Brazil,TIDAL,Reggaeton,US-UMG-J -1378,98960,24
2026-04-20T02:11:57.217Z,Karol G,Mexico,Spotify,Urbano,US-UMG-KA-1379,40621,386
2026-05-12T07:13:41.489Z,Rauw Alejandro,US-Latin,Apple Music,Urbano,US-UMG-RA-1380,6211,350
2026-05-11T15:49:03.464Z,Anitta,US-Latin,Apple Music,Pop,US-UMG-AN-1381,15371,52
2026-05-04T08:23:47.419Z,Peso Pluma,Brazil,Apple Music,Musica Mexicana,US-UMG-PE-1382,53594,390
2026-04-25T00:59:59.344Z,Shakira,US-Latin,Spotify,Pop,US-UMG-SH-1383,50794,125
2026-05-12T06:50:38.650Z,Bad Bunny,Brazil,Spotify,Reggaeton,US-UMG-BA-1384,23007,2
2026-04-17T03:38:34.407Z,Rosalía,Mexico,Apple Music,Pop,US-UMG-RO-1385,23663,271
2026-04-30T08:02:05.004Z,J Balvin,Argentina,TIDAL,Reggaeton,US-UMG-J -1386,42258,415
2026-04-25T10:48:52.224Z,Karol G,Mexico,TIDAL,Urbano,US-UMG-KA-1387,37881,268
2026-05-07T07:53:54.911Z,Rauw Alejandro,Mexico,YouTube Music,Urbano,US-UMG-RA-1388,50201,442
2026-04-25T15:05:05.311Z,Anitta,US-Latin,Spotify,Pop,US-UMG-AN-1389,45012,192
2026-05-14T19:07:51.411Z,Peso Pluma,Spain,Apple Music,Musica Mexicana,US-UMG-PE-1390,24896,352
2026-05-10T09:20:02.739Z,Shakira,Spain,YouTube Music,Pop,US-UMG-SH-1391,25501,140
2026-05-04T09:09:41.940Z,Bad Bunny,Spain,YouTube Music,Reggaeton,US-UMG-BA-1392,10437,65
2026-04-24T06:40:12.915Z,Rosalía,Brazil,Apple Music,Pop,US-UMG-RO-1393,96624,139
2026-04-25T00:59:26.518Z,J Balvin,Argentina,TIDAL,Reggaeton,US-UMG-J -1394,65019,101
2026-05-12T21:05:04.043Z,Karol G,Spain,Amazon Music,Urbano,US-UMG-KA-1395,12030,389
2026-05-11T18:11:04.950Z,Rauw Alejandro,US-Latin,TIDAL,Urbano,US-UMG-RA-1396,87059,55
2026-05-12T19:11:14.183Z,Anitta,Spain,Spotify,Pop,US-UMG-AN-1397,75899,488
2026-05-09T11:31:53.330Z,Peso Pluma,Brazil,YouTube Music,Musica Mexicana,US-UMG-PE-1398,48055,425
2026-04-23T04:43:55.186Z,Shakira,Mexico,Amazon Music,Pop,US-UMG-SH-1399,2681,395
2026-05-03T11:38:04.952Z,Bad Bunny,Argentina,TIDAL,Reggaeton,US-UMG-BA-1400,1471,191
2026-05-14T12:28:32.553Z,Rosalía,Brazil,Apple Music,Pop,US-UMG-RO-1401,42358,520
2026-04-18T08:20:51.337Z,J Balvin,Mexico,Apple Music,Reggaeton,US-UMG-J -1402,22766,227
2026-05-07T13:34:32.456Z,Karol G,US-Latin,YouTube Music,Urbano,US-UMG-KA-1403,27954,333
2026-05-09T19:02:08.447Z,Rauw Alejandro,Spain,Apple Music,Urbano,US-UMG-RA-1404,44227,237
2026-04-23T10:10:49.599Z,Anitta,Argentina,Apple Music,Pop,US-UMG-AN-1405,53354,358
2026-04-27T04:31:33.330Z,Peso Pluma,Spain,Apple Music,Musica Mexicana,US-UMG-PE-1406,62460,196
2026-04-29T23:57:20.626Z,Shakira,Spain,Amazon Music,Pop,US-UMG-SH-1407,79747,452
2026-05-06T22:13:43.527Z,Bad Bunny,Mexico,Amazon Music,Reggaeton,US-UMG-BA-1408,45041,19
2026-05-16T01:28:49.757Z,Rosalía,US-Latin,Amazon Music,Pop,US-UMG-RO-1409,81138,26
2026-04-20T10:26:29.454Z,J Balvin,Brazil,Spotify,Reggaeton,US-UMG-J -1410,62945,153
2026-04-21T02:57:21.950Z,Karol G,Brazil,TIDAL,Urbano,US-UMG-KA-1411,77371,270
2026-05-03T02:01:30.095Z,Rauw Alejandro,Argentina,Amazon Music,Urbano,US-UMG-RA-1412,24418,119
2026-05-08T13:34:06.074Z,Anitta,Brazil,Spotify,Pop,US-UMG-AN-1413,54375,311
2026-05-01T10:51:14.997Z,Peso Pluma,Argentina,YouTube Music,Musica Mexicana,US-UMG-PE-1414,9580,489
2026-05-15T06:21:38.172Z,Shakira,Brazil,Spotify,Pop,US-UMG-SH-1415,50287,106
2026-04-28T22:04:35.259Z,Bad Bunny,Mexico,TIDAL,Reggaeton,US-UMG-BA-1416,21219,94
2026-04-25T04:08:54.220Z,Rosalía,Brazil,TIDAL,Pop,US-UMG-RO-1417,78506,1
2026-04-24T13:35:26.818Z,J Balvin,Brazil,YouTube Music,Reggaeton,US-UMG-J -1418,65728,160
2026-04-20T02:49:03.723Z,Karol G,Spain,Spotify,Urbano,US-UMG-KA-1419,79736,152
2026-05-11T21:40:43.689Z,Rauw Alejandro,Brazil,YouTube Music,Urbano,US-UMG-RA-1420,79104,263
2026-04-24T15:47:34.376Z,Anitta,Spain,Spotify,Pop,US-UMG-AN-1421,7963,430
2026-05-15T19:29:11.061Z,Peso Pluma,US-Latin,Spotify,Musica Mexicana,US-UMG-PE-1422,28571,71
2026-04-16T21:56:01.104Z,Shakira,Mexico,TIDAL,Pop,US-UMG-SH-1423,76572,144
2026-05-13T05:58:26.306Z,Bad Bunny,Spain,Spotify,Reggaeton,US-UMG-BA-1424,68734,109
2026-04-25T00:27:04.784Z,Rosalía,Brazil,Spotify,Pop,US-UMG-RO-1425,17724,381
2026-04-21T00:40:46.891Z,J Balvin,Spain,YouTube Music,Reggaeton,US-UMG-J -1426,12553,441
2026-05-04T04:17:24.374Z,Karol G,Brazil,Amazon Music,Urbano,US-UMG-KA-1427,31048,136
2026-05-05T01:24:48.163Z,Rauw Alejandro,US-Latin,TIDAL,Urbano,US-UMG-RA-1428,98168,177
2026-04-23T17:14:08.581Z,Anitta,Argentina,Spotify,Pop,US-UMG-AN-1429,4265,34
2026-05-13T23:10:09.961Z,Peso Pluma,Mexico,YouTube Music,Musica Mexicana,US-UMG-PE-1430,36283,372
2026-04-28T03:41:28.633Z,Shakira,Brazil,TIDAL,Pop,US-UMG-SH-1431,79731,501
2026-04-21T23:21:40.432Z,Bad Bunny,Brazil,Apple Music,Reggaeton,US-UMG-BA-1432,51238,353
2026-05-04T18:42:21.023Z,Rosalía,Argentina,TIDAL,Pop,US-UMG-RO-1433,35900,270
2026-04-28T23:41:59.501Z,J Balvin,US-Latin,TIDAL,Reggaeton,US-UMG-J -1434,89383,119
2026-04-28T10:16:49.878Z,Karol G,US-Latin,YouTube Music,Urbano,US-UMG-KA-1435,59959,228
2026-05-02T03:23:35.974Z,Rauw Alejandro,Spain,TIDAL,Urbano,US-UMG-RA-1436,18476,505
2026-05-09T01:43:20.221Z,Anitta,Spain,Spotify,Pop,US-UMG-AN-1437,27468,78
2026-05-05T06:33:46.988Z,Peso Pluma,US-Latin,TIDAL,Musica Mexicana,US-UMG-PE-1438,59341,387
2026-05-04T20:03:03.582Z,Shakira,US-Latin,Apple Music,Pop,US-UMG-SH-1439,78785,477
2026-04-18T11:55:41.732Z,Bad Bunny,Mexico,Amazon Music,Reggaeton,US-UMG-BA-1440,61360,117
2026-04-25T23:32:32.045Z,Rosalía,Brazil,Apple Music,Pop,US-UMG-RO-1441,92186,259
2026-05-07T13:31:59.500Z,J Balvin,Argentina,Spotify,Reggaeton,US-UMG-J -1442,44824,293
2026-05-06T18:00:00.220Z,Karol G,Argentina,YouTube Music,Urbano,US-UMG-KA-1443,26589,188
2026-05-09T20:02:36.992Z,Rauw Alejandro,Mexico,Amazon Music,Urbano,US-UMG-RA-1444,94166,26
2026-04-28T01:20:32.798Z,Anitta,Brazil,TIDAL,Pop,US-UMG-AN-1445,10122,464
2026-05-03T07:41:01.495Z,Peso Pluma,Argentina,TIDAL,Musica Mexicana,US-UMG-PE-1446,76591,149
2026-04-30T16:01:33.557Z,Shakira,Argentina,TIDAL,Pop,US-UMG-SH-1447,45932,135
2026-04-27T13:57:00.673Z,Bad Bunny,US-Latin,Amazon Music,Reggaeton,US-UMG-BA-1448,48820,50
2026-04-20T19:19:51.066Z,Rosalía,Brazil,Amazon Music,Pop,US-UMG-RO-1449,10686,502
2026-05-14T13:18:42.483Z,J Balvin,US-Latin,YouTube Music,Reggaeton,US-UMG-J -1450,84281,378
2026-04-22T23:24:48.011Z,Karol G,Spain,Spotify,Urbano,US-UMG-KA-1451,50310,160
2026-04-20T14:20:39.427Z,Rauw Alejandro,Argentina,Amazon Music,Urbano,US-UMG-RA-1452,95320,297
2026-04-28T03:21:17.010Z,Anitta,Spain,Apple Music,Pop,US-UMG-AN-1453,63727,164
2026-05-03T19:56:20.782Z,Peso Pluma,Argentina,Spotify,Musica Mexicana,US-UMG-PE-1454,86112,270
2026-05-14T17:42:22.706Z,Shakira,Argentina,Spotify,Pop,US-UMG-SH-1455,71079,132
2026-05-01T04:55:24.271Z,Bad Bunny,Brazil,TIDAL,Reggaeton,US-UMG-BA-1456,47016,51
2026-05-08T20:59:13.866Z,Rosalía,US-Latin,TIDAL,Pop,US-UMG-RO-1457,3622,240
2026-04-24T15:31:36.884Z,J Balvin,Spain,YouTube Music,Reggaeton,US-UMG-J -1458,43014,150
2026-04-16T21:07:48.578Z,Karol G,Mexico,Spotify,Urbano,US-UMG-KA-1459,20142,156
2026-04-28T07:17:13.384Z,Rauw Alejandro,Spain,Spotify,Urbano,US-UMG-RA-1460,56724,43
2026-05-14T15:32:39.334Z,Anitta,Spain,Apple Music,Pop,US-UMG-AN-1461,66760,465
2026-05-15T15:08:34.933Z,Peso Pluma,US-Latin,TIDAL,Musica Mexicana,US-UMG-PE-1462,8812,360
2026-04-30T22:04:04.025Z,Shakira,Argentina,TIDAL,Pop,US-UMG-SH-1463,46799,70
2026-05-15T15:14:25.527Z,Bad Bunny,US-Latin,Apple Music,Reggaeton,US-UMG-BA-1464,28203,77
2026-04-30T15:48:28.721Z,Rosalía,Argentina,TIDAL,Pop,US-UMG-RO-1465,40978,82
2026-05-02T15:40:16.400Z,J Balvin,Argentina,Spotify,Reggaeton,US-UMG-J -1466,71212,131
2026-05-13T23:48:02.941Z,Karol G,Argentina,TIDAL,Urbano,US-UMG-KA-1467,53952,441
2026-04-26T07:15:43.259Z,Rauw Alejandro,Mexico,Apple Music,Urbano,US-UMG-RA-1468,54808,368
2026-05-01T02:23:44.038Z,Anitta,US-Latin,TIDAL,Pop,US-UMG-AN-1469,66578,512
2026-05-14T02:21:22.777Z,Peso Pluma,Argentina,TIDAL,Musica Mexicana,US-UMG-PE-1470,87742,375
2026-04-23T04:54:06.923Z,Shakira,Spain,Apple Music,Pop,US-UMG-SH-1471,76502,101
2026-05-12T16:20:23.232Z,Bad Bunny,Argentina,Spotify,Reggaeton,US-UMG-BA-1472,93578,290
2026-04-20T15:50:02.099Z,Rosalía,Spain,Apple Music,Pop,US-UMG-RO-1473,34085,268
2026-04-29T09:55:12.342Z,J Balvin,US-Latin,YouTube Music,Reggaeton,US-UMG-J -1474,92841,279
2026-04-25T17:50:13.118Z,Karol G,Spain,TIDAL,Urbano,US-UMG-KA-1475,23065,480
2026-05-01T04:45:16.787Z,Rauw Alejandro,US-Latin,Amazon Music,Urbano,US-UMG-RA-1476,72425,500
2026-04-29T06:26:58.634Z,Anitta,Brazil,Amazon Music,Pop,US-UMG-AN-1477,11909,152
2026-05-01T05:03:59.778Z,Peso Pluma,Brazil,Apple Music,Musica Mexicana,US-UMG-PE-1478,42616,80
2026-04-24T01:23:45.794Z,Shakira,Argentina,TIDAL,Pop,US-UMG-SH-1479,49598,454
2026-05-02T17:07:12.449Z,Bad Bunny,US-Latin,Amazon Music,Reggaeton,US-UMG-BA-1480,89233,252
2026-05-15T19:03:15.197Z,Rosalía,Argentina,TIDAL,Pop,US-UMG-RO-1481,64747,147
2026-04-28T02:25:36.637Z,J Balvin,Mexico,Apple Music,Reggaeton,US-UMG-J -1482,18735,190
2026-04-25T20:00:56.831Z,Karol G,Argentina,TIDAL,Urbano,US-UMG-KA-1483,77830,300
2026-04-17T15:48:13.761Z,Rauw Alejandro,Mexico,Spotify,Urbano,US-UMG-RA-1484,62268,448
2026-04-27T12:02:49.804Z,Anitta,Mexico,TIDAL,Pop,US-UMG-AN-1485,66754,210
2026-04-25T14:40:41.987Z,Peso Pluma,Argentina,Amazon Music,Musica Mexicana,US-UMG-PE-1486,57004,430
2026-05-16T14:10:32.852Z,Shakira,Mexico,TIDAL,Pop,US-UMG-SH-1487,69685,353
2026-04-23T19:52:08.271Z,Bad Bunny,Argentina,YouTube Music,Reggaeton,US-UMG-BA-1488,33879,243
2026-04-22T14:23:59.638Z,Rosalía,Argentina,Apple Music,Pop,US-UMG-RO-1489,27778,248
2026-04-25T13:45:06.343Z,J Balvin,Brazil,Spotify,Reggaeton,US-UMG-J -1490,16101,434
2026-05-10T03:40:23.044Z,Karol G,Brazil,Amazon Music,Urbano,US-UMG-KA-1491,86050,271
2026-05-01T07:31:16.267Z,Rauw Alejandro,Argentina,Amazon Music,Urbano,US-UMG-RA-1492,5086,191
2026-05-02T01:35:07.724Z,Anitta,US-Latin,Spotify,Pop,US-UMG-AN-1493,44635,505
2026-04-19T10:59:49.173Z,Peso Pluma,Mexico,YouTube Music,Musica Mexicana,US-UMG-PE-1494,84888,201
2026-05-10T17:29:30.098Z,Shakira,US-Latin,Apple Music,Pop,US-UMG-SH-1495,29993,437
2026-04-22T19:58:56.033Z,Bad Bunny,Brazil,Apple Music,Reggaeton,US-UMG-BA-1496,67196,387
2026-04-28T02:47:43.181Z,Rosalía,Brazil,Amazon Music,Pop,US-UMG-RO-1497,57021,268
2026-04-20T10:45:40.378Z,J Balvin,Brazil,TIDAL,Reggaeton,US-UMG-J -1498,83005,15
2026-05-12T17:57:07.964Z,Karol G,Argentina,Amazon Music,Urbano,US-UMG-KA-1499,5113,397
2026-05-11T01:01:05.988Z,Rauw Alejandro,Argentina,Apple Music,Urbano,US-UMG-RA-1500,48482,318
2026-04-20T00:04:19.975Z,Anitta,US-Latin,YouTube Music,Pop,US-UMG-AN-1501,76939,177
2026-04-28T23:14:13.851Z,Peso Pluma,Argentina,Amazon Music,Musica Mexicana,US-UMG-PE-1502,74621,45
2026-04-23T06:01:34.691Z,Shakira,Mexico,TIDAL,Pop,US-UMG-SH-1503,50327,404
2026-05-16T05:47:36.113Z,Bad Bunny,Mexico,Spotify,Reggaeton,US-UMG-BA-1504,8317,36
2026-05-10T01:27:15.542Z,Rosalía,Brazil,Amazon Music,Pop,US-UMG-RO-1505,40528,401
2026-04-26T10:21:58.478Z,J Balvin,US-Latin,Amazon Music,Reggaeton,US-UMG-J -1506,54295,433
2026-05-06T08:13:51.211Z,Karol G,Mexico,Amazon Music,Urbano,US-UMG-KA-1507,38093,61
2026-05-01T14:34:40.171Z,Rauw Alejandro,Spain,YouTube Music,Urbano,US-UMG-RA-1508,27715,424
2026-05-13T12:46:51.850Z,Anitta,Mexico,Apple Music,Pop,US-UMG-AN-1509,48454,487
2026-04-25T18:21:03.715Z,Peso Pluma,Argentina,YouTube Music,Musica Mexicana,US-UMG-PE-1510,94179,119
2026-05-02T21:45:50.137Z,Shakira,Spain,TIDAL,Pop,US-UMG-SH-1511,59650,245
2026-04-30T03:19:55.226Z,Bad Bunny,Brazil,YouTube Music,Reggaeton,US-UMG-BA-1512,6217,73
2026-04-28T14:48:30.724Z,Rosalía,US-Latin,Spotify,Pop,US-UMG-RO-1513,50624,432
2026-04-27T14:08:24.150Z,J Balvin,Spain,TIDAL,Reggaeton,US-UMG-J -1514,64128,14
2026-05-04T11:31:39.284Z,Karol G,Brazil,TIDAL,Urbano,US-UMG-KA-1515,25812,63
2026-05-09T16:12:09.837Z,Rauw Alejandro,Argentina,Amazon Music,Urbano,US-UMG-RA-1516,11167,392
2026-05-11T20:27:34.365Z,Anitta,Argentina,TIDAL,Pop,US-UMG-AN-1517,59128,39
2026-05-12T18:23:34.544Z,Peso Pluma,Brazil,Apple Music,Musica Mexicana,US-UMG-PE-1518,51738,470
2026-04-28T23:46:24.967Z,Shakira,Brazil,Apple Music,Pop,US-UMG-SH-1519,93468,25
2026-05-08T03:25:21.971Z,Bad Bunny,Mexico,TIDAL,Reggaeton,US-UMG-BA-1520,57433,493
2026-05-06T01:29:42.717Z,Rosalía,Spain,Amazon Music,Pop,US-UMG-RO-1521,25163,199
2026-04-26T13:20:00.187Z,J Balvin,Argentina,TIDAL,Reggaeton,US-UMG-J -1522,18185,156
2026-05-15T21:17:01.558Z,Karol G,US-Latin,Apple Music,Urbano,US-UMG-KA-1523,4388,391
2026-04-22T20:05:14.624Z,Rauw Alejandro,Brazil,YouTube Music,Urbano,US-UMG-RA-1524,64933,113
2026-04-18T20:47:49.135Z,Anitta,Mexico,Apple Music,Pop,US-UMG-AN-1525,34155,333
2026-05-12T21:49:31.845Z,Peso Pluma,US-Latin,Apple Music,Musica Mexicana,US-UMG-PE-1526,10365,356
2026-05-10T21:21:19.461Z,Shakira,Argentina,Spotify,Pop,US-UMG-SH-1527,48184,329
2026-05-12T16:11:21.411Z,Bad Bunny,Mexico,Apple Music,Reggaeton,US-UMG-BA-1528,96382,473
2026-04-26T09:43:45.280Z,Rosalía,Argentina,Apple Music,Pop,US-UMG-RO-1529,60683,329
2026-05-05T03:15:34.852Z,J Balvin,Mexico,YouTube Music,Reggaeton,US-UMG-J -1530,84811,38
2026-04-19T15:52:34.051Z,Karol G,Spain,Amazon Music,Urbano,US-UMG-KA-1531,85572,406
2026-04-24T21:05:38.686Z,Rauw Alejandro,Brazil,TIDAL,Urbano,US-UMG-RA-1532,42420,269
2026-04-23T21:10:51.414Z,Anitta,Argentina,YouTube Music,Pop,US-UMG-AN-1533,97864,236
2026-05-10T11:04:47.769Z,Peso Pluma,Mexico,YouTube Music,Musica Mexicana,US-UMG-PE-1534,53769,125
2026-04-26T16:23:22.827Z,Shakira,Mexico,Apple Music,Pop,US-UMG-SH-1535,6511,166
2026-04-19T18:11:33.113Z,Bad Bunny,Brazil,Spotify,Reggaeton,US-UMG-BA-1536,27728,100
2026-04-17T23:55:48.383Z,Rosalía,Argentina,TIDAL,Pop,US-UMG-RO-1537,30089,91
2026-05-04T21:40:11.366Z,J Balvin,Argentina,TIDAL,Reggaeton,US-UMG-J -1538,92122,276
2026-04-20T06:39:26.610Z,Karol G,US-Latin,Apple Music,Urbano,US-UMG-KA-1539,35703,255
2026-04-17T18:37:15.347Z,Rauw Alejandro,Mexico,Amazon Music,Urbano,US-UMG-RA-1540,48926,185
2026-04-25T18:36:20.148Z,Anitta,US-Latin,Spotify,Pop,US-UMG-AN-1541,43053,216
2026-05-10T10:35:17.450Z,Peso Pluma,Mexico,Apple Music,Musica Mexicana,US-UMG-PE-1542,31355,284
2026-04-23T11:40:06.476Z,Shakira,Mexico,Spotify,Pop,US-UMG-SH-1543,53797,520
2026-05-07T00:04:44.115Z,Bad Bunny,US-Latin,Amazon Music,Reggaeton,US-UMG-BA-1544,83873,392
2026-04-29T06:13:28.670Z,Rosalía,US-Latin,YouTube Music,Pop,US-UMG-RO-1545,4587,473
2026-04-22T08:18:25.463Z,J Balvin,Mexico,Apple Music,Reggaeton,US-UMG-J -1546,46110,17
2026-04-19T06:25:09.266Z,Karol G,Spain,YouTube Music,Urbano,US-UMG-KA-1547,13402,451
2026-05-15T19:50:38.456Z,Rauw Alejandro,Argentina,Spotify,Urbano,US-UMG-RA-1548,3763,257
2026-04-17T01:49:01.580Z,Anitta,Mexico,Apple Music,Pop,US-UMG-AN-1549,8049,476
2026-05-14T08:59:24.977Z,Peso Pluma,Spain,TIDAL,Musica Mexicana,US-UMG-PE-1550,93408,228
2026-04-22T11:06:03.571Z,Shakira,Argentina,Apple Music,Pop,US-UMG-SH-1551,80834,422
2026-04-27T06:06:29.139Z,Bad Bunny,US-Latin,TIDAL,Reggaeton,US-UMG-BA-1552,21958,176
2026-05-12T21:14:03.238Z,Rosalía,Argentina,Amazon Music,Pop,US-UMG-RO-1553,11093,182
2026-05-16T09:32:25.608Z,J Balvin,Brazil,Spotify,Reggaeton,US-UMG-J -1554,47146,217
2026-05-06T22:48:00.134Z,Karol G,Spain,Apple Music,Urbano,US-UMG-KA-1555,66658,450
2026-04-24T16:38:25.761Z,Rauw Alejandro,Brazil,Apple Music,Urbano,US-UMG-RA-1556,41453,358
2026-04-17T05:25:49.418Z,Anitta,Spain,TIDAL,Pop,US-UMG-AN-1557,90954,62
2026-05-12T16:50:34.280Z,Peso Pluma,Brazil,TIDAL,Musica Mexicana,US-UMG-PE-1558,57352,249
2026-05-09T09:43:02.938Z,Shakira,Argentina,Apple Music,Pop,US-UMG-SH-1559,88845,313
2026-04-29T19:02:38.382Z,Bad Bunny,Mexico,Spotify,Reggaeton,US-UMG-BA-1560,46712,358
2026-05-02T01:29:29.177Z,Rosalía,Brazil,Spotify,Pop,US-UMG-RO-1561,70122,314
2026-04-28T06:04:58.141Z,J Balvin,Argentina,YouTube Music,Reggaeton,US-UMG-J -1562,21575,292
2026-05-05T17:05:17.503Z,Karol G,Mexico,TIDAL,Urbano,US-UMG-KA-1563,81819,324
2026-04-18T15:57:22.456Z,Rauw Alejandro,Mexico,Spotify,Urbano,US-UMG-RA-1564,37200,184
2026-05-13T23:23:18.779Z,Anitta,Argentina,TIDAL,Pop,US-UMG-AN-1565,94725,304
2026-04-24T16:25:08.952Z,Peso Pluma,Brazil,YouTube Music,Musica Mexicana,US-UMG-PE-1566,61612,486
2026-05-08T05:11:58.879Z,Shakira,US-Latin,Apple Music,Pop,US-UMG-SH-1567,48081,144
2026-05-10T03:50:07.091Z,Bad Bunny,Mexico,TIDAL,Reggaeton,US-UMG-BA-1568,3158,391
2026-05-10T02:46:43.616Z,Rosalía,Brazil,TIDAL,Pop,US-UMG-RO-1569,34641,337
2026-05-01T17:49:52.859Z,J Balvin,Spain,Apple Music,Reggaeton,US-UMG-J -1570,87457,264
2026-04-19T23:26:00.760Z,Karol G,Argentina,Spotify,Urbano,US-UMG-KA-1571,69622,497
2026-05-12T05:45:26.957Z,Rauw Alejandro,Brazil,TIDAL,Urbano,US-UMG-RA-1572,51530,474
2026-05-11T08:35:33.250Z,Anitta,Argentina,YouTube Music,Pop,US-UMG-AN-1573,5837,165
2026-04-26T21:41:57.526Z,Peso Pluma,US-Latin,Apple Music,Musica Mexicana,US-UMG-PE-1574,7458,517
2026-05-08T05:22:38.140Z,Shakira,Spain,Amazon Music,Pop,US-UMG-SH-1575,21596,156
2026-04-21T08:26:29.803Z,Bad Bunny,Mexico,YouTube Music,Reggaeton,US-UMG-BA-1576,20451,283
2026-04-18T07:51:54.583Z,Rosalía,US-Latin,YouTube Music,Pop,US-UMG-RO-1577,38013,446
2026-04-26T10:39:55.620Z,J Balvin,Mexico,Apple Music,Reggaeton,US-UMG-J -1578,79750,192
2026-04-28T00:03:17.365Z,Karol G,Brazil,TIDAL,Urbano,US-UMG-KA-1579,17190,20
2026-04-26T22:55:57.410Z,Rauw Alejandro,Argentina,YouTube Music,Urbano,US-UMG-RA-1580,10435,341
2026-04-26T23:36:05.310Z,Anitta,US-Latin,Amazon Music,Pop,US-UMG-AN-1581,21646,171
2026-05-09T23:58:08.108Z,Peso Pluma,Mexico,Amazon Music,Musica Mexicana,US-UMG-PE-1582,92544,181
2026-04-18T20:32:33.513Z,Shakira,Brazil,Spotify,Pop,US-UMG-SH-1583,25158,445
2026-05-09T10:02:37.123Z,Bad Bunny,Argentina,Apple Music,Reggaeton,US-UMG-BA-1584,2856,327
2026-04-24T11:08:21.308Z,Rosalía,Brazil,Spotify,Pop,US-UMG-RO-1585,43842,75
2026-05-13T22:02:38.101Z,J Balvin,Argentina,Amazon Music,Reggaeton,US-UMG-J -1586,88763,276
2026-04-17T16:36:09.240Z,Karol G,Brazil,TIDAL,Urbano,US-UMG-KA-1587,3452,6
2026-05-05T12:45:46.024Z,Rauw Alejandro,US-Latin,Amazon Music,Urbano,US-UMG-RA-1588,28561,405
2026-05-08T07:01:02.398Z,Anitta,US-Latin,YouTube Music,Pop,US-UMG-AN-1589,75724,280
2026-04-26T13:33:03.375Z,Peso Pluma,Spain,Spotify,Musica Mexicana,US-UMG-PE-1590,68632,37
2026-05-10T18:34:30.394Z,Shakira,Spain,Spotify,Pop,US-UMG-SH-1591,63859,55
2026-04-27T23:00:05.422Z,Bad Bunny,Argentina,YouTube Music,Reggaeton,US-UMG-BA-1592,32358,364
2026-04-30T04:05:27.770Z,Rosalía,Spain,Amazon Music,Pop,US-UMG-RO-1593,46624,146
2026-05-16T02:19:25.701Z,J Balvin,Mexico,TIDAL,Reggaeton,US-UMG-J -1594,16869,350
2026-04-20T10:22:10.883Z,Karol G,Mexico,YouTube Music,Urbano,US-UMG-KA-1595,27207,344
2026-05-06T02:12:54.741Z,Rauw Alejandro,Spain,Spotify,Urbano,US-UMG-RA-1596,76211,60
2026-04-27T08:03:36.331Z,Anitta,US-Latin,Amazon Music,Pop,US-UMG-AN-1597,37325,10
2026-05-02T03:55:18.187Z,Peso Pluma,Brazil,Amazon Music,Musica Mexicana,US-UMG-PE-1598,29031,194
2026-05-04T00:26:09.164Z,Shakira,US-Latin,TIDAL,Pop,US-UMG-SH-1599,92525,273
2026-04-25T16:18:52.756Z,Bad Bunny,US-Latin,Apple Music,Reggaeton,US-UMG-BA-1600,3559,447
2026-05-04T16:22:56.083Z,Rosalía,Argentina,Amazon Music,Pop,US-UMG-RO-1601,94993,476
2026-05-16T09:48:27.804Z,J Balvin,Spain,YouTube Music,Reggaeton,US-UMG-J -1602,24603,235
2026-05-03T10:23:51.027Z,Karol G,Spain,Spotify,Urbano,US-UMG-KA-1603,9003,153
2026-05-06T03:23:52.806Z,Rauw Alejandro,Spain,Apple Music,Urbano,US-UMG-RA-1604,22711,436
2026-05-09T01:32:39.894Z,Anitta,US-Latin,YouTube Music,Pop,US-UMG-AN-1605,72770,517
2026-05-11T06:45:50.542Z,Peso Pluma,Spain,Amazon Music,Musica Mexicana,US-UMG-PE-1606,58621,235
2026-05-07T18:22:54.364Z,Shakira,Spain,YouTube Music,Pop,US-UMG-SH-1607,66049,163
2026-05-13T05:55:35.319Z,Bad Bunny,Spain,Amazon Music,Reggaeton,US-UMG-BA-1608,79415,261
2026-05-13T06:30:06.712Z,Rosalía,Brazil,TIDAL,Pop,US-UMG-RO-1609,1071,75
2026-05-11T09:43:35.254Z,J Balvin,US-Latin,YouTube Music,Reggaeton,US-UMG-J -1610,33647,242
2026-05-01T12:13:29.546Z,Karol G,Spain,Amazon Music,Urbano,US-UMG-KA-1611,100001,291
2026-05-03T07:10:44.381Z,Rauw Alejandro,US-Latin,Amazon Music,Urbano,US-UMG-RA-1612,10430,461
2026-05-11T13:33:32.252Z,Anitta,US-Latin,Amazon Music,Pop,US-UMG-AN-1613,14307,467
2026-04-22T09:21:53.744Z,Peso Pluma,Argentina,TIDAL,Musica Mexicana,US-UMG-PE-1614,45076,489
2026-05-14T06:40:20.320Z,Shakira,Spain,Amazon Music,Pop,US-UMG-SH-1615,15266,250
2026-04-16T21:53:53.825Z,Bad Bunny,Argentina,Spotify,Reggaeton,US-UMG-BA-1616,30045,152
2026-05-09T18:53:33.278Z,Rosalía,Spain,TIDAL,Pop,US-UMG-RO-1617,51089,58
2026-05-11T08:50:10.487Z,J Balvin,Spain,Amazon Music,Reggaeton,US-UMG-J -1618,32189,23
2026-04-19T13:28:46.990Z,Karol G,US-Latin,Spotify,Urbano,US-UMG-KA-1619,67582,292
2026-04-23T21:03:25.086Z,Rauw Alejandro,Spain,YouTube Music,Urbano,US-UMG-RA-1620,32062,222
2026-04-23T03:47:52.264Z,Anitta,Mexico,YouTube Music,Pop,US-UMG-AN-1621,53557,264
2026-05-05T14:38:39.024Z,Peso Pluma,Brazil,Spotify,Musica Mexicana,US-UMG-PE-1622,85157,198
2026-05-15T02:18:49.711Z,Shakira,Brazil,Spotify,Pop,US-UMG-SH-1623,4336,501
2026-05-13T05:36:01.191Z,Bad Bunny,Mexico,Apple Music,Reggaeton,US-UMG-BA-1624,46189,138
2026-05-13T19:41:17.721Z,Rosalía,US-Latin,TIDAL,Pop,US-UMG-RO-1625,62303,296
2026-04-22T01:18:03.966Z,J Balvin,Spain,Apple Music,Reggaeton,US-UMG-J -1626,60145,73
2026-05-16T10:50:36.958Z,Karol G,US-Latin,TIDAL,Urbano,US-UMG-KA-1627,80558,186
2026-04-22T23:02:58.209Z,Rauw Alejandro,Spain,Spotify,Urbano,US-UMG-RA-1628,1677,481
2026-04-21T15:00:50.302Z,Anitta,Argentina,YouTube Music,Pop,US-UMG-AN-1629,72880,202
2026-04-28T03:43:36.317Z,Peso Pluma,Mexico,YouTube Music,Musica Mexicana,US-UMG-PE-1630,94158,133
2026-04-25T00:59:44.269Z,Shakira,Argentina,Amazon Music,Pop,US-UMG-SH-1631,67061,39
2026-05-05T21:47:13.208Z,Bad Bunny,Brazil,Spotify,Reggaeton,US-UMG-BA-1632,76005,142
2026-05-04T20:27:36.546Z,Rosalía,Spain,YouTube Music,Pop,US-UMG-RO-1633,24971,488
2026-04-20T05:04:46.133Z,J Balvin,Brazil,Apple Music,Reggaeton,US-UMG-J -1634,44354,284
2026-05-13T20:04:23.647Z,Karol G,US-Latin,YouTube Music,Urbano,US-UMG-KA-1635,93643,268
2026-05-12T20:30:56.972Z,Rauw Alejandro,Mexico,Apple Music,Urbano,US-UMG-RA-1636,90823,493
2026-05-04T10:23:22.271Z,Anitta,US-Latin,Apple Music,Pop,US-UMG-AN-1637,42677,45
2026-04-27T09:27:20.429Z,Peso Pluma,Argentina,Apple Music,Musica Mexicana,US-UMG-PE-1638,100090,4
2026-05-10T16:20:09.353Z,Shakira,Spain,TIDAL,Pop,US-UMG-SH-1639,69829,511
2026-04-19T08:48:06.088Z,Bad Bunny,Brazil,Amazon Music,Reggaeton,US-UMG-BA-1640,47533,471
2026-04-26T19:18:03.743Z,Rosalía,Mexico,Spotify,Pop,US-UMG-RO-1641,8377,227
2026-04-19T20:51:37.346Z,J Balvin,US-Latin,TIDAL,Reggaeton,US-UMG-J -1642,60260,208
2026-05-04T02:00:41.851Z,Karol G,US-Latin,Amazon Music,Urbano,US-UMG-KA-1643,65456,141
2026-05-14T03:51:20.925Z,Rauw Alejandro,Spain,Spotify,Urbano,US-UMG-RA-1644,65051,438
2026-04-21T19:31:46.970Z,Anitta,Mexico,YouTube Music,Pop,US-UMG-AN-1645,9205,321
2026-05-07T19:04:07.760Z,Peso Pluma,US-Latin,Apple Music,Musica Mexicana,US-UMG-PE-1646,63989,355
2026-04-24T10:28:57.568Z,Shakira,Brazil,Spotify,Pop,US-UMG-SH-1647,24621,258
2026-05-07T02:22:28.870Z,Bad Bunny,Argentina,Amazon Music,Reggaeton,US-UMG-BA-1648,89367,201
2026-05-12T23:34:38.800Z,Rosalía,Mexico,TIDAL,Pop,US-UMG-RO-1649,6293,129
2026-05-16T11:25:43.241Z,J Balvin,Mexico,Apple Music,Reggaeton,US-UMG-J -1650,14466,29
2026-04-18T22:35:39.427Z,Karol G,Argentina,TIDAL,Urbano,US-UMG-KA-1651,45085,284
2026-05-02T01:48:29.839Z,Rauw Alejandro,US-Latin,TIDAL,Urbano,US-UMG-RA-1652,29275,270
2026-05-14T21:57:45.975Z,Anitta,Argentina,Apple Music,Pop,US-UMG-AN-1653,55036,478
2026-05-10T08:10:37.562Z,Peso Pluma,Spain,YouTube Music,Musica Mexicana,US-UMG-PE-1654,93773,44
2026-04-26T10:59:52.374Z,Shakira,Mexico,Spotify,Pop,US-UMG-SH-1655,41992,111
2026-05-06T01:55:37.604Z,Bad Bunny,Mexico,Spotify,Reggaeton,US-UMG-BA-1656,95114,149
2026-05-01T20:54:53.292Z,Rosalía,US-Latin,TIDAL,Pop,US-UMG-RO-1657,93847,17
2026-05-02T08:56:04.554Z,J Balvin,US-Latin,YouTube Music,Reggaeton,US-UMG-J -1658,36208,454
2026-05-08T10:28:30.427Z,Karol G,Argentina,YouTube Music,Urbano,US-UMG-KA-1659,24695,169
2026-04-22T12:26:42.311Z,Rauw Alejandro,Argentina,YouTube Music,Urbano,US-UMG-RA-1660,60260,82
2026-05-10T07:07:33.392Z,Anitta,US-Latin,Spotify,Pop,US-UMG-AN-1661,11830,7
2026-04-19T14:34:09.326Z,Peso Pluma,Brazil,YouTube Music,Musica Mexicana,US-UMG-PE-1662,51172,184
2026-05-09T08:43:38.264Z,Shakira,Spain,YouTube Music,Pop,US-UMG-SH-1663,36760,131
2026-04-30T07:55:43.596Z,Bad Bunny,Brazil,TIDAL,Reggaeton,US-UMG-BA-1664,11943,163
2026-05-07T01:21:20.935Z,Rosalía,Argentina,Spotify,Pop,US-UMG-RO-1665,24326,436
2026-05-10T22:08:59.279Z,J Balvin,Spain,Apple Music,Reggaeton,US-UMG-J -1666,22180,108
2026-05-14T00:48:08.450Z,Karol G,Spain,Amazon Music,Urbano,US-UMG-KA-1667,28519,294
2026-04-25T09:54:55.819Z,Rauw Alejandro,Spain,Spotify,Urbano,US-UMG-RA-1668,54112,192
2026-04-30T23:16:42.040Z,Anitta,Spain,Amazon Music,Pop,US-UMG-AN-1669,6974,186
2026-04-18T11:18:16.878Z,Peso Pluma,Argentina,YouTube Music,Musica Mexicana,US-UMG-PE-1670,61485,317
2026-05-04T13:44:34.111Z,Shakira,Mexico,Amazon Music,Pop,US-UMG-SH-1671,52814,211
2026-05-04T06:35:48.143Z,Bad Bunny,Argentina,YouTube Music,Reggaeton,US-UMG-BA-1672,29289,59
2026-05-02T23:52:07.885Z,Rosalía,Mexico,Spotify,Pop,US-UMG-RO-1673,100462,119
2026-05-03T23:45:11.246Z,J Balvin,Spain,TIDAL,Reggaeton,US-UMG-J -1674,26525,7
2026-05-16T13:57:45.945Z,Karol G,Argentina,Apple Music,Urbano,US-UMG-KA-1675,51077,467
2026-04-28T20:30:59.538Z,Rauw Alejandro,US-Latin,Apple Music,Urbano,US-UMG-RA-1676,64773,304
2026-05-08T02:06:34.542Z,Anitta,Spain,TIDAL,Pop,US-UMG-AN-1677,94357,452
2026-05-04T05:29:38.457Z,Peso Pluma,Argentina,TIDAL,Musica Mexicana,US-UMG-PE-1678,75128,120
2026-05-05T07:37:57.039Z,Shakira,US-Latin,TIDAL,Pop,US-UMG-SH-1679,76156,491
2026-04-25T23:39:37.444Z,Bad Bunny,Argentina,TIDAL,Reggaeton,US-UMG-BA-1680,44410,344
2026-05-16T07:50:39.249Z,Rosalía,Brazil,YouTube Music,Pop,US-UMG-RO-1681,71937,250
2026-05-13T02:45:04.679Z,J Balvin,Spain,Apple Music,Reggaeton,US-UMG-J -1682,29609,394
2026-04-28T00:32:14.740Z,Karol G,Brazil,Apple Music,Urbano,US-UMG-KA-1683,1265,12
2026-05-07T05:05:26.765Z,Rauw Alejandro,Spain,Spotify,Urbano,US-UMG-RA-1684,30742,76
2026-04-20T16:34:40.286Z,Anitta,Argentina,TIDAL,Pop,US-UMG-AN-1685,12664,359
2026-04-19T08:59:08.481Z,Peso Pluma,Argentina,YouTube Music,Musica Mexicana,US-UMG-PE-1686,16389,498
2026-04-18T18:56:33.592Z,Shakira,Spain,YouTube Music,Pop,US-UMG-SH-1687,100852,460
2026-04-21T22:09:41.672Z,Bad Bunny,Argentina,Spotify,Reggaeton,US-UMG-BA-1688,92800,463
2026-04-21T08:47:14.992Z,Rosalía,Mexico,Spotify,Pop,US-UMG-RO-1689,65612,356
2026-04-17T01:18:28.335Z,J Balvin,US-Latin,Spotify,Reggaeton,US-UMG-J -1690,28345,113
2026-05-11T06:53:45.068Z,Karol G,Spain,YouTube Music,Urbano,US-UMG-KA-1691,74246,103
2026-04-23T05:57:21.859Z,Rauw Alejandro,Mexico,Apple Music,Urbano,US-UMG-RA-1692,33603,68
2026-05-02T22:00:36.096Z,Anitta,Argentina,TIDAL,Pop,US-UMG-AN-1693,37202,197
2026-05-04T13:47:25.615Z,Peso Pluma,Spain,Apple Music,Musica Mexicana,US-UMG-PE-1694,4340,56
2026-04-27T17:15:43.158Z,Shakira,US-Latin,Amazon Music,Pop,US-UMG-SH-1695,35228,342
2026-05-15T11:16:09.780Z,Bad Bunny,Brazil,Amazon Music,Reggaeton,US-UMG-BA-1696,89680,139
2026-04-20T18:30:13.767Z,Rosalía,Spain,YouTube Music,Pop,US-UMG-RO-1697,46845,98
2026-04-21T05:31:48.486Z,J Balvin,US-Latin,YouTube Music,Reggaeton,US-UMG-J -1698,39576,263
2026-05-04T16:45:44.713Z,Karol G,Brazil,Amazon Music,Urbano,US-UMG-KA-1699,56066,112
2026-05-12T03:26:21.392Z,Rauw Alejandro,Spain,YouTube Music,Urbano,US-UMG-RA-1700,99923,343
2026-04-22T09:49:24.521Z,Anitta,Argentina,Spotify,Pop,US-UMG-AN-1701,21758,509
2026-04-21T02:42:36.555Z,Peso Pluma,US-Latin,Spotify,Musica Mexicana,US-UMG-PE-1702,12725,114
2026-05-10T13:55:58.349Z,Shakira,Spain,YouTube Music,Pop,US-UMG-SH-1703,44858,211
2026-04-20T22:02:58.210Z,Bad Bunny,Brazil,TIDAL,Reggaeton,US-UMG-BA-1704,26766,475
2026-04-29T01:43:03.952Z,Rosalía,Argentina,Amazon Music,Pop,US-UMG-RO-1705,31798,522
2026-05-07T09:22:36.771Z,J Balvin,US-Latin,TIDAL,Reggaeton,US-UMG-J -1706,43090,484
2026-05-10T05:02:18.048Z,Karol G,Spain,YouTube Music,Urbano,US-UMG-KA-1707,54769,478
2026-05-10T16:41:30.264Z,Rauw Alejandro,Spain,Apple Music,Urbano,US-UMG-RA-1708,70913,54
2026-04-17T05:03:47.255Z,Anitta,Brazil,YouTube Music,Pop,US-UMG-AN-1709,81354,285
2026-05-05T10:22:22.185Z,Peso Pluma,Argentina,Apple Music,Musica Mexicana,US-UMG-PE-1710,68639,220
2026-05-02T23:10:31.308Z,Shakira,Argentina,Amazon Music,Pop,US-UMG-SH-1711,11492,449
2026-05-02T12:44:36.783Z,Bad Bunny,Mexico,Apple Music,Reggaeton,US-UMG-BA-1712,8655,373
2026-05-03T06:51:41.125Z,Rosalía,Brazil,Spotify,Pop,US-UMG-RO-1713,33120,91
2026-05-11T15:18:54.230Z,J Balvin,Spain,Apple Music,Reggaeton,US-UMG-J -1714,29400,120
2026-05-07T23:17:14.405Z,Karol G,Mexico,Spotify,Urbano,US-UMG-KA-1715,37152,93
2026-05-02T17:33:51.180Z,Rauw Alejandro,Argentina,YouTube Music,Urbano,US-UMG-RA-1716,73914,367
2026-05-03T00:45:36.023Z,Anitta,Mexico,Amazon Music,Pop,US-UMG-AN-1717,69516,473
2026-05-09T03:46:55.582Z,Peso Pluma,Spain,Apple Music,Musica Mexicana,US-UMG-PE-1718,17193,275
2026-05-14T20:48:57.856Z,Shakira,US-Latin,YouTube Music,Pop,US-UMG-SH-1719,3088,322
2026-05-16T14:15:03.621Z,Bad Bunny,Mexico,Amazon Music,Reggaeton,US-UMG-BA-1720,35837,346
2026-05-09T17:11:08.056Z,Rosalía,Mexico,Apple Music,Pop,US-UMG-RO-1721,45812,226
2026-05-06T11:46:41.801Z,J Balvin,Argentina,Apple Music,Reggaeton,US-UMG-J -1722,11936,58
2026-05-13T14:44:20.604Z,Karol G,Brazil,Apple Music,Urbano,US-UMG-KA-1723,61566,283
2026-05-08T07:49:33.570Z,Rauw Alejandro,Argentina,YouTube Music,Urbano,US-UMG-RA-1724,78111,287
2026-05-03T02:24:17.535Z,Anitta,Brazil,YouTube Music,Pop,US-UMG-AN-1725,57683,281
2026-04-19T17:45:10.534Z,Peso Pluma,Mexico,TIDAL,Musica Mexicana,US-UMG-PE-1726,99444,149
2026-05-08T22:58:18.084Z,Shakira,US-Latin,Spotify,Pop,US-UMG-SH-1727,85381,167
2026-05-11T03:46:12.525Z,Bad Bunny,Brazil,YouTube Music,Reggaeton,US-UMG-BA-1728,72222,228
2026-04-30T19:07:27.281Z,Rosalía,US-Latin,Spotify,Pop,US-UMG-RO-1729,65728,203
2026-04-27T01:25:31.113Z,J Balvin,Argentina,Amazon Music,Reggaeton,US-UMG-J -1730,85507,475
2026-04-29T00:49:55.881Z,Karol G,Argentina,YouTube Music,Urbano,US-UMG-KA-1731,32508,106
2026-04-21T20:40:28.422Z,Rauw Alejandro,Spain,YouTube Music,Urbano,US-UMG-RA-1732,66260,230
2026-05-16T05:18:09.884Z,Anitta,Mexico,Apple Music,Pop,US-UMG-AN-1733,5628,131
2026-05-08T21:32:05.229Z,Peso Pluma,Mexico,YouTube Music,Musica Mexicana,US-UMG-PE-1734,25891,454
2026-04-24T15:37:07.598Z,Shakira,Brazil,Spotify,Pop,US-UMG-SH-1735,11099,61
2026-05-11T20:20:18.602Z,Bad Bunny,US-Latin,YouTube Music,Reggaeton,US-UMG-BA-1736,90404,425
2026-04-26T05:24:08.868Z,Rosalía,Mexico,Spotify,Pop,US-UMG-RO-1737,35092,386
2026-05-06T01:14:41.899Z,J Balvin,Spain,Spotify,Reggaeton,US-UMG-J -1738,64028,372
2026-05-03T12:14:58.327Z,Karol G,US-Latin,YouTube Music,Urbano,US-UMG-KA-1739,96705,433
2026-05-08T22:20:12.096Z,Rauw Alejandro,Spain,Spotify,Urbano,US-UMG-RA-1740,53168,264
2026-05-07T12:48:50.535Z,Anitta,Spain,Apple Music,Pop,US-UMG-AN-1741,1337,108
2026-05-01T08:38:57.830Z,Peso Pluma,Argentina,Apple Music,Musica Mexicana,US-UMG-PE-1742,61681,298
2026-05-14T08:54:52.790Z,Shakira,Mexico,Spotify,Pop,US-UMG-SH-1743,63757,162
2026-04-27T06:53:24.220Z,Bad Bunny,Argentina,TIDAL,Reggaeton,US-UMG-BA-1744,36487,491
2026-05-15T17:50:23.917Z,Rosalía,Brazil,TIDAL,Pop,US-UMG-RO-1745,50616,379
2026-05-08T02:28:43.090Z,J Balvin,Brazil,TIDAL,Reggaeton,US-UMG-J -1746,61944,456
2026-04-25T20:06:56.982Z,Karol G,Argentina,Spotify,Urbano,US-UMG-KA-1747,76346,358
2026-04-19T17:10:03.885Z,Rauw Alejandro,Spain,Apple Music,Urbano,US-UMG-RA-1748,56598,70
2026-05-08T02:32:46.671Z,Anitta,Argentina,YouTube Music,Pop,US-UMG-AN-1749,18329,437
2026-04-26T07:51:43.567Z,Peso Pluma,Spain,YouTube Music,Musica Mexicana,US-UMG-PE-1750,14071,453
2026-05-03T09:19:00.474Z,Shakira,Spain,Apple Music,Pop,US-UMG-SH-1751,6591,323
2026-05-06T05:49:00.193Z,Bad Bunny,Mexico,TIDAL,Reggaeton,US-UMG-BA-1752,77699,272
2026-05-01T07:40:02.423Z,Rosalía,US-Latin,Apple Music,Pop,US-UMG-RO-1753,17486,92
2026-05-12T18:44:09.397Z,J Balvin,Mexico,Apple Music,Reggaeton,US-UMG-J -1754,96598,418
2026-04-24T06:43:37.067Z,Karol G,Brazil,Amazon Music,Urbano,US-UMG-KA-1755,79145,293
2026-04-29T13:30:35.396Z,Rauw Alejandro,Spain,Spotify,Urbano,US-UMG-RA-1756,60989,362
2026-05-04T02:02:39.722Z,Anitta,Spain,TIDAL,Pop,US-UMG-AN-1757,55146,77
2026-05-14T15:39:32.619Z,Peso Pluma,Argentina,Amazon Music,Musica Mexicana,US-UMG-PE-1758,56607,454
2026-04-17T23:05:26.153Z,Shakira,US-Latin,Apple Music,Pop,US-UMG-SH-1759,45458,343
2026-05-09T09:21:24.567Z,Bad Bunny,Spain,Apple Music,Reggaeton,US-UMG-BA-1760,90836,187
2026-05-10T05:24:28.756Z,Rosalía,US-Latin,TIDAL,Pop,US-UMG-RO-1761,34296,456
2026-05-02T09:05:27.243Z,J Balvin,US-Latin,Apple Music,Reggaeton,US-UMG-J -1762,75020,220
2026-04-24T22:32:10.462Z,Karol G,Argentina,YouTube Music,Urbano,US-UMG-KA-1763,94793,426
2026-04-24T13:39:53.198Z,Rauw Alejandro,US-Latin,Spotify,Urbano,US-UMG-RA-1764,56492,477
2026-04-27T00:23:57.191Z,Anitta,Mexico,Apple Music,Pop,US-UMG-AN-1765,83480,456
2026-05-12T13:08:54.047Z,Peso Pluma,Spain,Apple Music,Musica Mexicana,US-UMG-PE-1766,33563,291
2026-04-17T02:19:27.931Z,Shakira,US-Latin,TIDAL,Pop,US-UMG-SH-1767,73296,72
2026-04-21T13:29:17.518Z,Bad Bunny,Brazil,Apple Music,Reggaeton,US-UMG-BA-1768,74481,38
2026-04-19T15:19:13.593Z,Rosalía,Spain,TIDAL,Pop,US-UMG-RO-1769,70418,492
2026-04-17T05:46:52.326Z,J Balvin,Spain,Amazon Music,Reggaeton,US-UMG-J -1770,83791,426
2026-05-10T15:51:18.670Z,Karol G,Argentina,Amazon Music,Urbano,US-UMG-KA-1771,34830,273
2026-05-13T19:10:34.029Z,Rauw Alejandro,US-Latin,Amazon Music,Urbano,US-UMG-RA-1772,55749,44
2026-05-05T01:51:22.115Z,Anitta,Spain,YouTube Music,Pop,US-UMG-AN-1773,54738,425
2026-04-20T23:22:13.738Z,Peso Pluma,Brazil,Apple Music,Musica Mexicana,US-UMG-PE-1774,15933,494
2026-05-05T06:40:59.448Z,Shakira,Argentina,TIDAL,Pop,US-UMG-SH-1775,75608,245
2026-05-07T07:26:10.946Z,Bad Bunny,Argentina,Amazon Music,Reggaeton,US-UMG-BA-1776,58766,358
2026-05-08T15:36:53.786Z,Rosalía,Mexico,TIDAL,Pop,US-UMG-RO-1777,50599,45
2026-04-30T16:18:24.370Z,J Balvin,Mexico,Amazon Music,Reggaeton,US-UMG-J -1778,67759,351
2026-04-19T09:16:16.660Z,Karol G,Brazil,TIDAL,Urbano,US-UMG-KA-1779,77417,309
2026-04-18T23:41:04.474Z,Rauw Alejandro,Mexico,Amazon Music,Urbano,US-UMG-RA-1780,76118,256
2026-05-01T23:22:58.329Z,Anitta,Argentina,YouTube Music,Pop,US-UMG-AN-1781,76276,162
2026-04-20T07:18:58.191Z,Peso Pluma,Spain,Apple Music,Musica Mexicana,US-UMG-PE-1782,15544,239
2026-05-03T12:03:06.594Z,Shakira,Argentina,YouTube Music,Pop,US-UMG-SH-1783,45571,239
2026-04-17T17:17:06.383Z,Bad Bunny,US-Latin,YouTube Music,Reggaeton,US-UMG-BA-1784,7396,115
2026-05-16T05:40:16.340Z,Rosalía,Brazil,Spotify,Pop,US-UMG-RO-1785,15901,403
2026-04-23T10:04:46.556Z,J Balvin,US-Latin,Amazon Music,Reggaeton,US-UMG-J -1786,81239,154
2026-04-16T21:23:47.778Z,Karol G,US-Latin,Amazon Music,Urbano,US-UMG-KA-1787,31214,448
2026-04-23T15:40:18.571Z,Rauw Alejandro,Argentina,TIDAL,Urbano,US-UMG-RA-1788,77853,39
2026-04-21T00:38:44.011Z,Anitta,Argentina,YouTube Music,Pop,US-UMG-AN-1789,27849,92
2026-04-27T18:57:15.206Z,Peso Pluma,Spain,YouTube Music,Musica Mexicana,US-UMG-PE-1790,1117,342
2026-05-03T23:45:57.082Z,Shakira,Brazil,TIDAL,Pop,US-UMG-SH-1791,15314,91
2026-05-14T17:56:28.089Z,Bad Bunny,Mexico,Apple Music,Reggaeton,US-UMG-BA-1792,15009,488
2026-05-04T20:55:06.002Z,Rosalía,Spain,Apple Music,Pop,US-UMG-RO-1793,50526,15
2026-04-26T11:37:10.523Z,J Balvin,Argentina,Spotify,Reggaeton,US-UMG-J -1794,9079,415
2026-05-16T07:47:14.947Z,Karol G,US-Latin,Apple Music,Urbano,US-UMG-KA-1795,28662,464
2026-05-06T06:37:18.823Z,Rauw Alejandro,US-Latin,YouTube Music,Urbano,US-UMG-RA-1796,22314,488
2026-05-10T07:44:41.169Z,Anitta,Brazil,TIDAL,Pop,US-UMG-AN-1797,83132,52
2026-05-07T05:10:02.194Z,Peso Pluma,US-Latin,YouTube Music,Musica Mexicana,US-UMG-PE-1798,59890,436
2026-05-12T18:53:37.546Z,Shakira,Brazil,Spotify,Pop,US-UMG-SH-1799,91725,351
2026-04-25T13:50:56.393Z,Bad Bunny,Brazil,Apple Music,Reggaeton,US-UMG-BA-1800,59817,165
2026-05-04T03:47:13.504Z,Rosalía,Argentina,Amazon Music,Pop,US-UMG-RO-1801,68564,445
2026-05-13T09:51:03.042Z,J Balvin,Mexico,Amazon Music,Reggaeton,US-UMG-J -1802,21564,381
2026-05-08T14:50:40.031Z,Karol G,Spain,Spotify,Urbano,US-UMG-KA-1803,76296,311
2026-05-07T10:42:44.811Z,Rauw Alejandro,Argentina,Amazon Music,Urbano,US-UMG-RA-1804,46801,135
2026-04-21T19:36:16.067Z,Anitta,US-Latin,Spotify,Pop,US-UMG-AN-1805,48820,222
2026-05-14T03:28:21.410Z,Peso Pluma,US-Latin,YouTube Music,Musica Mexicana,US-UMG-PE-1806,98937,291
2026-05-02T17:49:24.159Z,Shakira,Brazil,TIDAL,Pop,US-UMG-SH-1807,29987,227
2026-05-16T06:41:08.053Z,Bad Bunny,Spain,Amazon Music,Reggaeton,US-UMG-BA-1808,21956,420
2026-04-29T20:19:26.368Z,Rosalía,Argentina,TIDAL,Pop,US-UMG-RO-1809,21145,142
2026-04-29T04:37:15.356Z,J Balvin,US-Latin,Spotify,Reggaeton,US-UMG-J -1810,52438,385
2026-05-04T16:12:48.284Z,Karol G,Mexico,Spotify,Urbano,US-UMG-KA-1811,74050,352
2026-05-06T01:25:04.725Z,Rauw Alejandro,Mexico,Amazon Music,Urbano,US-UMG-RA-1812,15671,280
2026-05-13T00:09:39.561Z,Anitta,Brazil,YouTube Music,Pop,US-UMG-AN-1813,17766,20
2026-05-15T19:59:12.015Z,Peso Pluma,Brazil,TIDAL,Musica Mexicana,US-UMG-PE-1814,26362,442
2026-05-06T11:59:46.889Z,Shakira,Spain,YouTube Music,Pop,US-UMG-SH-1815,94855,131
2026-04-25T08:30:45.343Z,Bad Bunny,US-Latin,Spotify,Reggaeton,US-UMG-BA-1816,41481,54
2026-04-26T10:25:38.713Z,Rosalía,Brazil,Amazon Music,Pop,US-UMG-RO-1817,92057,344
2026-05-07T04:06:40.796Z,J Balvin,Argentina,Spotify,Reggaeton,US-UMG-J -1818,69400,171
2026-05-03T01:49:40.339Z,Karol G,Spain,YouTube Music,Urbano,US-UMG-KA-1819,50902,241
2026-04-29T22:10:30.813Z,Rauw Alejandro,Argentina,YouTube Music,Urbano,US-UMG-RA-1820,79446,468
2026-04-24T05:05:30.177Z,Anitta,Spain,TIDAL,Pop,US-UMG-AN-1821,58407,310
2026-05-09T06:49:06.036Z,Peso Pluma,Brazil,Spotify,Musica Mexicana,US-UMG-PE-1822,30184,47
2026-05-06T23:10:36.924Z,Shakira,Brazil,Spotify,Pop,US-UMG-SH-1823,35186,18
2026-04-29T13:50:21.792Z,Bad Bunny,US-Latin,YouTube Music,Reggaeton,US-UMG-BA-1824,71729,188
2026-05-11T17:09:44.697Z,Rosalía,Spain,YouTube Music,Pop,US-UMG-RO-1825,59302,141
2026-05-06T06:41:18.331Z,J Balvin,Mexico,Amazon Music,Reggaeton,US-UMG-J -1826,94197,316
2026-05-07T20:52:06.243Z,Karol G,Mexico,Amazon Music,Urbano,US-UMG-KA-1827,74174,304
2026-04-17T08:51:38.272Z,Rauw Alejandro,US-Latin,Apple Music,Urbano,US-UMG-RA-1828,10913,294
2026-04-24T12:18:49.191Z,Anitta,Mexico,Amazon Music,Pop,US-UMG-AN-1829,93315,227
2026-04-29T18:48:33.484Z,Peso Pluma,Mexico,YouTube Music,Musica Mexicana,US-UMG-PE-1830,45081,351
2026-04-18T13:10:11.049Z,Shakira,Spain,TIDAL,Pop,US-UMG-SH-1831,47710,513
2026-04-28T06:47:04.847Z,Bad Bunny,Brazil,YouTube Music,Reggaeton,US-UMG-BA-1832,70563,520
2026-05-01T20:50:23.561Z,Rosalía,US-Latin,Amazon Music,Pop,US-UMG-RO-1833,73607,460
2026-05-11T20:13:33.057Z,J Balvin,Mexico,Amazon Music,Reggaeton,US-UMG-J -1834,25857,330
2026-05-07T10:05:41.087Z,Karol G,Argentina,Spotify,Urbano,US-UMG-KA-1835,7093,397
2026-04-17T02:32:21.162Z,Rauw Alejandro,US-Latin,YouTube Music,Urbano,US-UMG-RA-1836,97784,225
2026-05-15T07:10:18.293Z,Anitta,Mexico,Apple Music,Pop,US-UMG-AN-1837,65398,172
2026-04-27T15:43:10.009Z,Peso Pluma,Brazil,Apple Music,Musica Mexicana,US-UMG-PE-1838,93430,125
2026-05-12T22:51:12.925Z,Shakira,US-Latin,YouTube Music,Pop,US-UMG-SH-1839,78063,490
2026-05-10T21:39:07.996Z,Bad Bunny,Spain,Spotify,Reggaeton,US-UMG-BA-1840,74278,52
2026-05-04T06:38:15.637Z,Rosalía,US-Latin,TIDAL,Pop,US-UMG-RO-1841,76090,466
2026-04-20T12:27:20.173Z,J Balvin,Argentina,Apple Music,Reggaeton,US-UMG-J -1842,100648,199
2026-04-19T19:25:33.229Z,Karol G,Brazil,YouTube Music,Urbano,US-UMG-KA-1843,90520,22
2026-04-22T17:32:21.832Z,Rauw Alejandro,US-Latin,Amazon Music,Urbano,US-UMG-RA-1844,65062,317
2026-04-23T15:55:58.146Z,Anitta,Brazil,Amazon Music,Pop,US-UMG-AN-1845,40656,346
2026-05-05T13:17:15.870Z,Peso Pluma,US-Latin,Spotify,Musica Mexicana,US-UMG-PE-1846,77226,392
2026-05-12T07:19:01.188Z,Shakira,Argentina,Apple Music,Pop,US-UMG-SH-1847,90989,106
2026-05-08T09:42:16.172Z,Bad Bunny,Mexico,Apple Music,Reggaeton,US-UMG-BA-1848,82436,305
2026-04-25T19:44:02.210Z,Rosalía,Mexico,Amazon Music,Pop,US-UMG-RO-1849,89048,403
2026-05-01T12:34:23.225Z,J Balvin,Brazil,Apple Music,Reggaeton,US-UMG-J -1850,30196,297
2026-04-27T12:30:03.338Z,Karol G,Brazil,Apple Music,Urbano,US-UMG-KA-1851,7702,494
2026-05-03T07:05:36.301Z,Rauw Alejandro,Argentina,Amazon Music,Urbano,US-UMG-RA-1852,38108,413
2026-04-17T03:32:47.651Z,Anitta,Mexico,Amazon Music,Pop,US-UMG-AN-1853,16496,460
2026-05-06T15:01:09.675Z,Peso Pluma,US-Latin,Spotify,Musica Mexicana,US-UMG-PE-1854,4664,134
2026-05-07T18:46:25.954Z,Shakira,Argentina,Apple Music,Pop,US-UMG-SH-1855,94374,244
2026-04-29T04:57:25.220Z,Bad Bunny,Brazil,Spotify,Reggaeton,US-UMG-BA-1856,42855,19
2026-05-07T14:46:47.876Z,Rosalía,Mexico,Spotify,Pop,US-UMG-RO-1857,58448,432
2026-05-16T01:36:35.739Z,J Balvin,Mexico,YouTube Music,Reggaeton,US-UMG-J -1858,36479,72
2026-05-12T06:46:38.237Z,Karol G,Brazil,Apple Music,Urbano,US-UMG-KA-1859,13926,228
2026-04-24T03:44:25.647Z,Rauw Alejandro,Mexico,Amazon Music,Urbano,US-UMG-RA-1860,90665,141
2026-05-01T14:40:02.938Z,Anitta,US-Latin,Amazon Music,Pop,US-UMG-AN-1861,97937,192
2026-05-10T16:25:59.793Z,Peso Pluma,Spain,Apple Music,Musica Mexicana,US-UMG-PE-1862,95615,331
2026-04-23T21:56:36.558Z,Shakira,Brazil,YouTube Music,Pop,US-UMG-SH-1863,1331,425
2026-05-08T18:33:53.890Z,Bad Bunny,Mexico,Apple Music,Reggaeton,US-UMG-BA-1864,8928,250
2026-04-17T06:45:55.184Z,Rosalía,Argentina,YouTube Music,Pop,US-UMG-RO-1865,2107,302
2026-05-14T15:25:45.166Z,J Balvin,US-Latin,Spotify,Reggaeton,US-UMG-J -1866,39298,163
2026-04-19T02:49:10.400Z,Karol G,US-Latin,Apple Music,Urbano,US-UMG-KA-1867,51111,80
2026-05-11T15:09:10.253Z,Rauw Alejandro,Spain,YouTube Music,Urbano,US-UMG-RA-1868,2416,398
2026-05-05T07:11:10.954Z,Anitta,US-Latin,Apple Music,Pop,US-UMG-AN-1869,44770,391
2026-04-25T17:33:54.797Z,Peso Pluma,Spain,YouTube Music,Musica Mexicana,US-UMG-PE-1870,44560,304
2026-05-01T12:44:27.439Z,Shakira,Brazil,TIDAL,Pop,US-UMG-SH-1871,42663,341
2026-05-12T08:18:05.981Z,Bad Bunny,US-Latin,Amazon Music,Reggaeton,US-UMG-BA-1872,21168,322
2026-04-29T07:52:38.587Z,Rosalía,US-Latin,YouTube Music,Pop,US-UMG-RO-1873,16251,468
2026-04-26T23:14:12.537Z,J Balvin,Spain,TIDAL,Reggaeton,US-UMG-J -1874,18872,350
2026-04-21T03:48:01.293Z,Karol G,Argentina,Apple Music,Urbano,US-UMG-KA-1875,88017,263
2026-04-21T20:19:35.939Z,Rauw Alejandro,US-Latin,Spotify,Urbano,US-UMG-RA-1876,67439,16
2026-05-07T16:44:28.250Z,Anitta,Argentina,Amazon Music,Pop,US-UMG-AN-1877,91681,335
2026-05-03T07:15:59.367Z,Peso Pluma,US-Latin,TIDAL,Musica Mexicana,US-UMG-PE-1878,75627,274
2026-05-08T13:26:08.275Z,Shakira,Mexico,Amazon Music,Pop,US-UMG-SH-1879,72979,450
2026-04-24T06:52:32.682Z,Bad Bunny,Mexico,YouTube Music,Reggaeton,US-UMG-BA-1880,89611,276
2026-04-21T05:47:26.562Z,Rosalía,US-Latin,Spotify,Pop,US-UMG-RO-1881,86985,328
2026-04-23T04:26:22.100Z,J Balvin,Brazil,Spotify,Reggaeton,US-UMG-J -1882,62657,167
2026-05-06T14:24:19.888Z,Karol G,Brazil,TIDAL,Urbano,US-UMG-KA-1883,59407,161
2026-05-16T16:42:17.064Z,Rauw Alejandro,Argentina,Spotify,Urbano,US-UMG-RA-1884,67727,131
2026-04-22T03:30:50.661Z,Anitta,Mexico,Amazon Music,Pop,US-UMG-AN-1885,82326,135
2026-05-10T14:56:38.061Z,Peso Pluma,US-Latin,Apple Music,Musica Mexicana,US-UMG-PE-1886,53540,407
2026-05-15T00:11:18.737Z,Shakira,US-Latin,Amazon Music,Pop,US-UMG-SH-1887,72596,442
2026-04-21T10:10:34.354Z,Bad Bunny,US-Latin,TIDAL,Reggaeton,US-UMG-BA-1888,65079,466
2026-04-25T19:15:06.697Z,Rosalía,Mexico,TIDAL,Pop,US-UMG-RO-1889,11827,469
2026-05-06T07:57:28.123Z,J Balvin,US-Latin,Spotify,Reggaeton,US-UMG-J -1890,83916,27
2026-05-07T20:44:42.860Z,Karol G,Mexico,Amazon Music,Urbano,US-UMG-KA-1891,4082,298
2026-04-18T23:25:27.846Z,Rauw Alejandro,Brazil,Amazon Music,Urbano,US-UMG-RA-1892,60595,448
2026-04-21T22:48:49.257Z,Anitta,US-Latin,Spotify,Pop,US-UMG-AN-1893,22096,476
2026-04-29T09:12:35.288Z,Peso Pluma,Argentina,Apple Music,Musica Mexicana,US-UMG-PE-1894,60537,479
2026-04-23T05:05:16.362Z,Shakira,Argentina,YouTube Music,Pop,US-UMG-SH-1895,84877,206
2026-04-30T02:22:42.904Z,Bad Bunny,Spain,TIDAL,Reggaeton,US-UMG-BA-1896,60671,137
2026-04-28T08:51:03.064Z,Rosalía,Brazil,Spotify,Pop,US-UMG-RO-1897,14042,332
2026-05-07T07:51:05.204Z,J Balvin,Mexico,Apple Music,Reggaeton,US-UMG-J -1898,50241,44
2026-04-24T11:23:30.919Z,Karol G,Spain,YouTube Music,Urbano,US-UMG-KA-1899,99567,444
2026-04-18T15:14:04.608Z,Rauw Alejandro,Spain,Apple Music,Urbano,US-UMG-RA-1900,30508,256
2026-04-22T22:26:02.934Z,Anitta,Argentina,Spotify,Pop,US-UMG-AN-1901,89809,14
2026-05-12T12:23:33.118Z,Peso Pluma,US-Latin,YouTube Music,Musica Mexicana,US-UMG-PE-1902,62926,487
2026-04-18T06:32:19.239Z,Shakira,Spain,TIDAL,Pop,US-UMG-SH-1903,99501,471
2026-05-10T07:45:23.470Z,Bad Bunny,Brazil,Spotify,Reggaeton,US-UMG-BA-1904,82332,249
2026-05-13T08:55:27.679Z,Rosalía,Spain,YouTube Music,Pop,US-UMG-RO-1905,62369,122
2026-05-08T04:06:42.244Z,J Balvin,Spain,Apple Music,Reggaeton,US-UMG-J -1906,90892,98
2026-04-23T03:50:02.539Z,Karol G,Brazil,YouTube Music,Urbano,US-UMG-KA-1907,66910,83
2026-05-07T16:03:00.569Z,Rauw Alejandro,US-Latin,Apple Music,Urbano,US-UMG-RA-1908,75045,171
2026-05-04T12:35:00.109Z,Anitta,Spain,Amazon Music,Pop,US-UMG-AN-1909,67671,311
2026-05-01T15:08:59.531Z,Peso Pluma,Argentina,Spotify,Musica Mexicana,US-UMG-PE-1910,83754,375
2026-05-11T15:40:17.376Z,Shakira,Brazil,Amazon Music,Pop,US-UMG-SH-1911,88785,294
2026-05-06T09:50:32.801Z,Bad Bunny,Spain,Spotify,Reggaeton,US-UMG-BA-1912,42278,280
2026-04-30T08:33:49.576Z,Rosalía,Argentina,TIDAL,Pop,US-UMG-RO-1913,77632,308
2026-04-24T03:43:41.095Z,J Balvin,Mexico,TIDAL,Reggaeton,US-UMG-J -1914,90179,419
2026-05-10T13:33:23.785Z,Karol G,US-Latin,Amazon Music,Urbano,US-UMG-KA-1915,46237,211
2026-05-15T16:30:02.755Z,Rauw Alejandro,Spain,Amazon Music,Urbano,US-UMG-RA-1916,22058,466
2026-04-25T14:44:37.104Z,Anitta,Spain,TIDAL,Pop,US-UMG-AN-1917,50790,483
2026-05-13T11:16:57.020Z,Peso Pluma,US-Latin,TIDAL,Musica Mexicana,US-UMG-PE-1918,24521,467
2026-04-17T23:49:27.369Z,Shakira,Spain,YouTube Music,Pop,US-UMG-SH-1919,40456,308
2026-05-15T06:19:27.266Z,Bad Bunny,Mexico,Apple Music,Reggaeton,US-UMG-BA-1920,12012,468
2026-04-26T20:00:48.341Z,Rosalía,Brazil,TIDAL,Pop,US-UMG-RO-1921,12485,406
2026-05-08T12:52:05.611Z,J Balvin,Brazil,YouTube Music,Reggaeton,US-UMG-J -1922,73548,478
2026-04-29T23:12:57.083Z,Karol G,Spain,Apple Music,Urbano,US-UMG-KA-1923,45913,85
2026-04-30T14:34:21.006Z,Rauw Alejandro,Brazil,TIDAL,Urbano,US-UMG-RA-1924,44845,257
2026-05-07T05:01:22.138Z,Anitta,US-Latin,YouTube Music,Pop,US-UMG-AN-1925,66815,301
2026-04-28T20:49:07.179Z,Peso Pluma,Mexico,Apple Music,Musica Mexicana,US-UMG-PE-1926,90189,168
2026-04-20T20:47:35.959Z,Shakira,US-Latin,TIDAL,Pop,US-UMG-SH-1927,89802,414
2026-05-03T15:11:42.287Z,Bad Bunny,Brazil,Spotify,Reggaeton,US-UMG-BA-1928,21505,450
2026-05-03T18:14:30.337Z,Rosalía,Argentina,Amazon Music,Pop,US-UMG-RO-1929,42161,479
2026-04-22T05:38:42.403Z,J Balvin,US-Latin,Spotify,Reggaeton,US-UMG-J -1930,58943,301
2026-04-23T13:02:12.157Z,Karol G,US-Latin,YouTube Music,Urbano,US-UMG-KA-1931,86428,31
2026-05-01T00:19:35.049Z,Rauw Alejandro,Spain,Amazon Music,Urbano,US-UMG-RA-1932,86839,35
2026-04-26T13:05:54.945Z,Anitta,Brazil,Amazon Music,Pop,US-UMG-AN-1933,74678,230
2026-04-30T23:52:33.456Z,Peso Pluma,Mexico,TIDAL,Musica Mexicana,US-UMG-PE-1934,2115,339
2026-05-10T11:43:15.132Z,Shakira,Brazil,Spotify,Pop,US-UMG-SH-1935,67569,511
2026-05-10T05:36:48.707Z,Bad Bunny,Spain,TIDAL,Reggaeton,US-UMG-BA-1936,55856,239
2026-05-05T22:20:31.300Z,Rosalía,Mexico,Apple Music,Pop,US-UMG-RO-1937,23801,511
2026-04-25T01:12:36.178Z,J Balvin,Mexico,Amazon Music,Reggaeton,US-UMG-J -1938,38931,423
2026-05-05T14:03:34.075Z,Karol G,Argentina,TIDAL,Urbano,US-UMG-KA-1939,38423,458
2026-05-03T13:44:35.632Z,Rauw Alejandro,US-Latin,YouTube Music,Urbano,US-UMG-RA-1940,33165,337
2026-05-02T15:46:09.068Z,Anitta,Spain,TIDAL,Pop,US-UMG-AN-1941,38240,248
2026-04-20T07:40:16.551Z,Peso Pluma,Spain,Spotify,Musica Mexicana,US-UMG-PE-1942,77510,3
2026-05-09T18:09:13.095Z,Shakira,Spain,Apple Music,Pop,US-UMG-SH-1943,2217,445
2026-04-18T04:50:05.027Z,Bad Bunny,Argentina,YouTube Music,Reggaeton,US-UMG-BA-1944,30678,450
2026-04-28T09:50:56.528Z,Rosalía,US-Latin,YouTube Music,Pop,US-UMG-RO-1945,30673,248
2026-05-04T16:46:15.734Z,J Balvin,Brazil,Amazon Music,Reggaeton,US-UMG-J -1946,37537,404
2026-04-28T01:45:51.563Z,Karol G,US-Latin,Apple Music,Urbano,US-UMG-KA-1947,87801,159
2026-05-06T02:48:05.070Z,Rauw Alejandro,Mexico,Amazon Music,Urbano,US-UMG-RA-1948,73785,219
2026-04-18T23:18:02.184Z,Anitta,Brazil,TIDAL,Pop,US-UMG-AN-1949,95375,95
2026-04-17T17:20:03.484Z,Peso Pluma,Spain,YouTube Music,Musica Mexicana,US-UMG-PE-1950,81591,61
2026-04-29T12:37:15.201Z,Shakira,Argentina,Apple Music,Pop,US-UMG-SH-1951,74304,283
2026-04-23T06:39:02.917Z,Bad Bunny,Brazil,Amazon Music,Reggaeton,US-UMG-BA-1952,13090,353
2026-05-06T20:41:57.531Z,Rosalía,US-Latin,Apple Music,Pop,US-UMG-RO-1953,74954,51
2026-05-04T20:19:08.347Z,J Balvin,Mexico,YouTube Music,Reggaeton,US-UMG-J -1954,13648,135
2026-05-13T16:36:13.046Z,Karol G,Argentina,TIDAL,Urbano,US-UMG-KA-1955,87201,244
2026-05-06T13:23:16.870Z,Rauw Alejandro,Spain,YouTube Music,Urbano,US-UMG-RA-1956,78371,157
2026-04-19T03:24:59.306Z,Anitta,Brazil,Spotify,Pop,US-UMG-AN-1957,40152,480
2026-04-23T21:43:19.796Z,Peso Pluma,Mexico,TIDAL,Musica Mexicana,US-UMG-PE-1958,48071,437
2026-05-07T20:39:02.699Z,Shakira,Spain,Spotify,Pop,US-UMG-SH-1959,22333,490
2026-04-26T10:38:45.726Z,Bad Bunny,Mexico,Spotify,Reggaeton,US-UMG-BA-1960,21513,235
2026-05-09T09:05:36.839Z,Rosalía,Mexico,YouTube Music,Pop,US-UMG-RO-1961,64214,452
2026-05-06T00:43:39.838Z,J Balvin,Brazil,TIDAL,Reggaeton,US-UMG-J -1962,82227,188
2026-05-06T08:42:31.592Z,Karol G,Spain,Apple Music,Urbano,US-UMG-KA-1963,10662,484
2026-05-13T22:31:41.261Z,Rauw Alejandro,Mexico,Amazon Music,Urbano,US-UMG-RA-1964,77276,141
2026-04-28T01:03:14.714Z,Anitta,Argentina,TIDAL,Pop,US-UMG-AN-1965,80279,143
2026-04-18T03:38:42.972Z,Peso Pluma,Brazil,Apple Music,Musica Mexicana,US-UMG-PE-1966,33167,90
2026-04-29T08:21:29.898Z,Shakira,Spain,Spotify,Pop,US-UMG-SH-1967,60645,215
2026-04-23T17:21:49.409Z,Bad Bunny,Brazil,Amazon Music,Reggaeton,US-UMG-BA-1968,1223,274
2026-04-28T00:39:18.105Z,Rosalía,Brazil,TIDAL,Pop,US-UMG-RO-1969,88667,387
2026-05-15T05:44:28.864Z,J Balvin,Brazil,Spotify,Reggaeton,US-UMG-J -1970,19555,429
2026-04-30T13:56:45.154Z,Karol G,Mexico,Spotify,Urbano,US-UMG-KA-1971,1235,389
2026-04-27T04:46:33.707Z,Rauw Alejandro,Mexico,TIDAL,Urbano,US-UMG-RA-1972,37161,493
2026-04-26T18:31:12.416Z,Anitta,Brazil,Spotify,Pop,US-UMG-AN-1973,1906,300
2026-05-16T14:14:00.996Z,Peso Pluma,Brazil,Amazon Music,Musica Mexicana,US-UMG-PE-1974,50749,141
2026-04-16T21:24:22.295Z,Shakira,Argentina,TIDAL,Pop,US-UMG-SH-1975,5411,73
2026-04-21T15:56:53.430Z,Bad Bunny,Brazil,YouTube Music,Reggaeton,US-UMG-BA-1976,48844,90
2026-04-23T08:08:54.969Z,Rosalía,US-Latin,Spotify,Pop,US-UMG-RO-1977,33313,98
2026-04-23T06:28:23.873Z,J Balvin,Mexico,Spotify,Reggaeton,US-UMG-J -1978,23931,179
2026-04-25T00:16:51.254Z,Karol G,Brazil,YouTube Music,Urbano,US-UMG-KA-1979,89521,128
2026-04-28T19:40:59.798Z,Rauw Alejandro,Spain,Amazon Music,Urbano,US-UMG-RA-1980,49297,53
2026-05-15T21:13:47.436Z,Anitta,Brazil,Spotify,Pop,US-UMG-AN-1981,69504,132
2026-05-02T20:53:49.918Z,Peso Pluma,Spain,Apple Music,Musica Mexicana,US-UMG-PE-1982,81480,40
2026-04-24T15:27:49.153Z,Shakira,Brazil,Spotify,Pop,US-UMG-SH-1983,66395,56
2026-04-19T09:23:03.845Z,Bad Bunny,Argentina,TIDAL,Reggaeton,US-UMG-BA-1984,73680,227
2026-05-08T13:55:08.930Z,Rosalía,Brazil,Spotify,Pop,US-UMG-RO-1985,8772,269
2026-05-16T03:25:48.041Z,J Balvin,Spain,Amazon Music,Reggaeton,US-UMG-J -1986,45103,107
2026-04-24T12:45:15.852Z,Karol G,Brazil,Spotify,Urbano,US-UMG-KA-1987,17063,249
2026-05-06T05:39:21.285Z,Rauw Alejandro,Spain,TIDAL,Urbano,US-UMG-RA-1988,72603,195
2026-05-14T07:08:45.987Z,Anitta,US-Latin,Spotify,Pop,US-UMG-AN-1989,78330,74
2026-04-16T22:38:23.643Z,Peso Pluma,Argentina,TIDAL,Musica Mexicana,US-UMG-PE-1990,17511,486
2026-05-06T10:37:37.047Z,Shakira,Spain,TIDAL,Pop,US-UMG-SH-1991,47720,503
2026-04-26T09:54:29.761Z,Bad Bunny,US-Latin,Spotify,Reggaeton,US-UMG-BA-1992,58009,212
2026-05-15T19:39:51.725Z,Rosalía,US-Latin,Amazon Music,Pop,US-UMG-RO-1993,39953,246
2026-05-07T02:39:18.537Z,J Balvin,Spain,Spotify,Reggaeton,US-UMG-J -1994,61657,190
2026-05-16T04:44:39.620Z,Karol G,Brazil,Spotify,Urbano,US-UMG-KA-1995,44705,156
2026-04-22T06:35:13.011Z,Rauw Alejandro,Mexico,Apple Music,Urbano,US-UMG-RA-1996,80491,47
2026-04-19T23:29:57.186Z,Anitta,Spain,Apple Music,Pop,US-UMG-AN-1997,44817,92
2026-04-19T06:28:51.221Z,Peso Pluma,Brazil,Amazon Music,Musica Mexicana,US-UMG-PE-1998,34934,309
2026-05-06T10:18:37.929Z,Shakira,Argentina,TIDAL,Pop,US-UMG-SH-1999,6314,2
