timestamp,artist_name,region,dsp,genre,isrc,streams,marketing_spend_usd,rolling_3p_stream_avg,stream_velocity_percentage_spike,calculated_status_flag
2026-04-18T09:43:09.943Z,Bad Bunny,Spain,TIDAL,Reggaeton,US-UMG-BA-1000,44483,0,35586,160,UNCAPTURED_VIRALITY
2026-05-04T13:23:49.717Z,Rosalía,Mexico,Apple Music,Pop,US-UMG-RO-1001,66741,0,53393,160,UNCAPTURED_VIRALITY
2026-05-04T12:48:35.736Z,J Balvin,Brazil,YouTube Music,Reggaeton,US-UMG-J -1002,47379,0,37903,160,UNCAPTURED_VIRALITY
2026-05-15T08:35:23.647Z,Karol G,Spain,Apple Music,Urbano,US-UMG-KA-1003,44560,0,35648,160,UNCAPTURED_VIRALITY
2026-04-23T05:11:01.351Z,Rauw Alejandro,Spain,YouTube Music,Urbano,US-UMG-RA-1004,46842,0,37474,160,UNCAPTURED_VIRALITY
2026-05-13T18:56:43.775Z,Anitta,Spain,Apple Music,Pop,US-UMG-AN-1005,50897,0,40718,160,UNCAPTURED_VIRALITY
2026-05-01T06:55:28.145Z,Peso Pluma,US-Latin,Apple Music,Musica Mexicana,US-UMG-PE-1006,18936,0,15149,160,UNCAPTURED_VIRALITY
2026-04-18T11:51:13.282Z,Shakira,Mexico,YouTube Music,Pop,US-UMG-SH-1007,11732,0,9386,160,UNCAPTURED_VIRALITY
2026-05-11T22:28:50.174Z,Bad Bunny,Brazil,YouTube Music,Reggaeton,US-UMG-BA-1008,12308,0,9846,160,UNCAPTURED_VIRALITY
2026-05-12T23:37:18.027Z,Rosalía,US-Latin,YouTube Music,Pop,US-UMG-RO-1009,34432,0,27546,160,UNCAPTURED_VIRALITY
2026-05-05T00:04:53.132Z,J Balvin,Argentina,Amazon Music,Reggaeton,US-UMG-J -1010,89850,1100,71880,-14.71,FINANCIAL_STOP_LOSS
2026-04-21T04:28:44.236Z,Karol G,Spain,TIDAL,Urbano,US-UMG-KA-1011,44328,1100,35462,48.42,STEADY_STATE
2026-05-13T12:15:29.971Z,Rauw Alejandro,Brazil,Amazon Music,Urbano,US-UMG-RA-1012,94056,1100,75245,167.67,UNCAPTURED_VIRALITY
2026-04-24T21:36:20.878Z,Anitta,US-Latin,Apple Music,Pop,US-UMG-AN-1013,29265,1100,23412,-12.8,FINANCIAL_STOP_LOSS
2026-05-07T19:21:09.107Z,Peso Pluma,Spain,Apple Music,Musica Mexicana,US-UMG-PE-1014,59960,1100,47968,110.32,SUPPLY_CHAIN_ACCELERATION
2026-05-14T20:10:02.314Z,Shakira,Argentina,Amazon Music,Pop,US-UMG-SH-1015,96655,1100,77324,182.61,UNCAPTURED_VIRALITY
2026-05-10T05:30:23.361Z,Bad Bunny,Mexico,Apple Music,Reggaeton,US-UMG-BA-1016,11671,1100,9337,179.25,UNCAPTURED_VIRALITY
2026-04-23T20:58:33.966Z,Rosalía,Mexico,Spotify,Pop,US-UMG-RO-1017,61583,1100,49266,-14.59,FINANCIAL_STOP_LOSS
2026-04-27T06:50:19.657Z,J Balvin,US-Latin,YouTube Music,Reggaeton,US-UMG-J -1018,58850,1100,47080,-1.95,FINANCIAL_STOP_LOSS
2026-04-17T11:25:49.600Z,Karol G,Brazil,Amazon Music,Urbano,US-UMG-KA-1019,10394,1100,8315,218.48,UNCAPTURED_VIRALITY
2026-05-06T18:34:22.683Z,Rauw Alejandro,Argentina,Apple Music,Urbano,US-UMG-RA-1020,57834,1100,46267,32.16,STEADY_STATE
2026-05-11T15:48:13.458Z,Anitta,Mexico,Spotify,Pop,US-UMG-AN-1021,59562,1100,47650,36.13,STEADY_STATE
2026-04-28T14:37:08.098Z,Peso Pluma,Brazil,Spotify,Musica Mexicana,US-UMG-PE-1022,84920,1100,67936,75.97,STEADY_STATE
2026-04-19T09:38:16.242Z,Shakira,Spain,Spotify,Pop,US-UMG-SH-1023,24962,1100,19970,167.1,UNCAPTURED_VIRALITY
2026-04-18T13:44:07.662Z,Bad Bunny,Brazil,TIDAL,Reggaeton,US-UMG-BA-1024,87680,1100,70144,-20.27,FINANCIAL_STOP_LOSS
2026-05-11T12:03:49.579Z,Rosalía,Mexico,YouTube Music,Pop,US-UMG-RO-1025,9244,1100,7395,222.8,UNCAPTURED_VIRALITY
2026-05-10T10:08:56.280Z,J Balvin,Spain,YouTube Music,Reggaeton,US-UMG-J -1026,50790,1100,40632,149.08,SUPPLY_CHAIN_ACCELERATION
2026-05-04T09:07:27.201Z,Karol G,US-Latin,YouTube Music,Urbano,US-UMG-KA-1027,98066,1100,78453,40.8,STEADY_STATE
2026-05-13T18:19:10.500Z,Rauw Alejandro,Brazil,YouTube Music,Urbano,US-UMG-RA-1028,100182,1100,80146,66.33,STEADY_STATE
2026-04-27T09:54:05.000Z,Anitta,Spain,Apple Music,Pop,US-UMG-AN-1029,12833,1100,10266,206.15,UNCAPTURED_VIRALITY
2026-05-03T18:18:08.281Z,Peso Pluma,Mexico,Spotify,Musica Mexicana,US-UMG-PE-1030,64590,1100,51672,171.43,UNCAPTURED_VIRALITY
2026-05-04T17:22:23.893Z,Shakira,Mexico,Apple Music,Pop,US-UMG-SH-1031,41985,1100,33588,37.01,STEADY_STATE
2026-04-30T09:50:48.931Z,Bad Bunny,Argentina,Apple Music,Reggaeton,US-UMG-BA-1032,75973,1100,60778,21.36,STEADY_STATE
2026-04-28T15:51:58.516Z,Rosalía,Brazil,YouTube Music,Pop,US-UMG-RO-1033,84124,1100,67299,1.44,STEADY_STATE
2026-05-10T04:11:54.318Z,J Balvin,US-Latin,YouTube Music,Reggaeton,US-UMG-J -1034,65927,1100,52742,22.57,STEADY_STATE
2026-04-24T11:24:57.267Z,Karol G,Spain,YouTube Music,Urbano,US-UMG-KA-1035,87910,1100,70328,21.74,STEADY_STATE
2026-04-23T14:18:45.339Z,Rauw Alejandro,US-Latin,Amazon Music,Urbano,US-UMG-RA-1036,35278,1100,28222,83.89,STEADY_STATE
2026-05-12T13:15:43.309Z,Anitta,Argentina,YouTube Music,Pop,US-UMG-AN-1037,51356,1100,41085,98.15,STEADY_STATE
2026-04-23T02:10:15.127Z,Peso Pluma,Spain,Amazon Music,Musica Mexicana,US-UMG-PE-1038,89455,1100,71564,197.31,UNCAPTURED_VIRALITY
2026-04-23T01:51:04.102Z,Shakira,Mexico,Spotify,Pop,US-UMG-SH-1039,66195,1100,52956,11.75,STEADY_STATE
2026-04-27T04:26:42.199Z,Bad Bunny,Brazil,YouTube Music,Reggaeton,US-UMG-BA-1040,3826,1100,3061,-37.28,FINANCIAL_STOP_LOSS
2026-05-02T08:00:53.835Z,Rosalía,Argentina,Spotify,Pop,US-UMG-RO-1041,37486,1100,29989,129.45,SUPPLY_CHAIN_ACCELERATION
2026-05-03T21:00:17.576Z,J Balvin,Brazil,Apple Music,Reggaeton,US-UMG-J -1042,67962,1100,54370,121.95,SUPPLY_CHAIN_ACCELERATION
2026-04-30T16:17:29.969Z,Karol G,Mexico,Apple Music,Urbano,US-UMG-KA-1043,82432,1100,65946,-4.67,FINANCIAL_STOP_LOSS
2026-05-14T09:46:27.572Z,Rauw Alejandro,US-Latin,Spotify,Urbano,US-UMG-RA-1044,58343,1100,46674,193.8,UNCAPTURED_VIRALITY
2026-05-10T08:33:40.118Z,Anitta,Spain,Spotify,Pop,US-UMG-AN-1045,32485,1100,25988,-6.43,FINANCIAL_STOP_LOSS
2026-05-12T08:59:02.816Z,Peso Pluma,Mexico,Spotify,Musica Mexicana,US-UMG-PE-1046,87609,1100,70087,32.72,STEADY_STATE
2026-05-01T16:20:27.312Z,Shakira,Mexico,Amazon Music,Pop,US-UMG-SH-1047,5322,1100,4258,37.09,STEADY_STATE
2026-05-11T08:34:09.895Z,Bad Bunny,Mexico,Apple Music,Reggaeton,US-UMG-BA-1048,2564,1100,2051,20.44,STEADY_STATE
2026-04-20T04:07:05.519Z,Rosalía,Spain,YouTube Music,Pop,US-UMG-RO-1049,84681,1100,67745,214.64,UNCAPTURED_VIRALITY
2026-04-18T14:53:55.040Z,J Balvin,Argentina,TIDAL,Reggaeton,US-UMG-J -1050,68112,1100,54490,221.71,UNCAPTURED_VIRALITY
2026-05-09T15:22:00.637Z,Karol G,Spain,TIDAL,Urbano,US-UMG-KA-1051,75031,1100,60025,124.75,SUPPLY_CHAIN_ACCELERATION
2026-05-03T12:01:19.587Z,Rauw Alejandro,Brazil,YouTube Music,Urbano,US-UMG-RA-1052,26659,1100,21327,36.77,STEADY_STATE
2026-04-30T13:06:37.245Z,Anitta,Argentina,Amazon Music,Pop,US-UMG-AN-1053,52003,1100,41602,145.66,SUPPLY_CHAIN_ACCELERATION
2026-04-21T01:55:29.067Z,Peso Pluma,Argentina,TIDAL,Musica Mexicana,US-UMG-PE-1054,79222,1100,63378,-11.91,FINANCIAL_STOP_LOSS
2026-05-01T18:04:10.802Z,Shakira,Mexico,Amazon Music,Pop,US-UMG-SH-1055,14080,1100,11264,170.6,UNCAPTURED_VIRALITY
2026-04-20T20:45:32.390Z,Bad Bunny,US-Latin,Spotify,Reggaeton,US-UMG-BA-1056,56495,1100,45196,73.7,STEADY_STATE
2026-05-16T11:08:02.870Z,Rosalía,Brazil,Amazon Music,Pop,US-UMG-RO-1057,10732,1100,8586,-19.48,FINANCIAL_STOP_LOSS
2026-05-02T23:03:45.323Z,J Balvin,Mexico,TIDAL,Reggaeton,US-UMG-J -1058,65384,1100,52307,210.01,UNCAPTURED_VIRALITY
2026-05-06T05:49:55.597Z,Karol G,Brazil,Apple Music,Urbano,US-UMG-KA-1059,55140,1100,44112,153.86,UNCAPTURED_VIRALITY
2026-05-07T22:14:19.458Z,Rauw Alejandro,Argentina,Amazon Music,Urbano,US-UMG-RA-1060,98643,1100,78914,83.41,STEADY_STATE
2026-04-23T01:28:32.605Z,Anitta,Brazil,TIDAL,Pop,US-UMG-AN-1061,98312,1100,78650,-44.17,FINANCIAL_STOP_LOSS
2026-05-03T21:59:26.778Z,Peso Pluma,US-Latin,Spotify,Musica Mexicana,US-UMG-PE-1062,42597,1100,34078,131.29,SUPPLY_CHAIN_ACCELERATION
2026-05-04T14:15:08.439Z,Shakira,Brazil,Spotify,Pop,US-UMG-SH-1063,74369,1100,59495,30.42,STEADY_STATE
2026-04-28T05:17:55.249Z,Bad Bunny,Argentina,Amazon Music,Reggaeton,US-UMG-BA-1064,29800,1100,23840,55.33,STEADY_STATE
2026-04-28T18:32:51.790Z,Rosalía,US-Latin,YouTube Music,Pop,US-UMG-RO-1065,76893,1100,61514,214.67,UNCAPTURED_VIRALITY
2026-05-12T03:46:57.315Z,J Balvin,Spain,Apple Music,Reggaeton,US-UMG-J -1066,39956,1100,31965,217.36,UNCAPTURED_VIRALITY
2026-05-05T10:14:11.620Z,Karol G,Argentina,TIDAL,Urbano,US-UMG-KA-1067,69093,1100,55274,164.93,UNCAPTURED_VIRALITY
2026-05-02T18:49:07.327Z,Rauw Alejandro,Argentina,YouTube Music,Urbano,US-UMG-RA-1068,33023,1100,26418,152.46,UNCAPTURED_VIRALITY
2026-04-23T20:49:03.055Z,Anitta,Spain,Apple Music,Pop,US-UMG-AN-1069,40150,1100,32120,195.45,UNCAPTURED_VIRALITY
2026-05-13T23:08:15.078Z,Peso Pluma,Brazil,YouTube Music,Musica Mexicana,US-UMG-PE-1070,99255,1100,79404,186.11,UNCAPTURED_VIRALITY
2026-05-07T22:18:44.396Z,Shakira,Argentina,Apple Music,Pop,US-UMG-SH-1071,38281,1100,30625,47.51,STEADY_STATE
2026-05-12T16:43:34.138Z,Bad Bunny,Argentina,YouTube Music,Reggaeton,US-UMG-BA-1072,55575,1100,44460,248.68,UNCAPTURED_VIRALITY
2026-04-22T06:57:32.325Z,Rosalía,Spain,Apple Music,Pop,US-UMG-RO-1073,5765,1100,4612,0.99,STEADY_STATE
2026-05-08T23:05:38.591Z,J Balvin,Argentina,Apple Music,Reggaeton,US-UMG-J -1074,59607,1100,47686,-18.03,FINANCIAL_STOP_LOSS
2026-05-01T07:14:05.594Z,Karol G,Brazil,Amazon Music,Urbano,US-UMG-KA-1075,24299,1100,19439,150.84,UNCAPTURED_VIRALITY
2026-04-19T03:52:09.828Z,Rauw Alejandro,US-Latin,Amazon Music,Urbano,US-UMG-RA-1076,8306,1100,6645,-2.1,FINANCIAL_STOP_LOSS
2026-04-26T02:54:17.993Z,Anitta,Mexico,YouTube Music,Pop,US-UMG-AN-1077,41691,1100,33353,134.14,SUPPLY_CHAIN_ACCELERATION
2026-05-16T07:14:38.395Z,Peso Pluma,Mexico,Apple Music,Musica Mexicana,US-UMG-PE-1078,46411,1100,37129,184.64,UNCAPTURED_VIRALITY
2026-05-09T08:07:46.749Z,Shakira,US-Latin,YouTube Music,Pop,US-UMG-SH-1079,59983,1100,47986,-17.89,FINANCIAL_STOP_LOSS
2026-05-11T05:05:40.215Z,Bad Bunny,US-Latin,TIDAL,Reggaeton,US-UMG-BA-1080,40264,1100,32211,179.89,UNCAPTURED_VIRALITY
2026-05-03T16:32:52.913Z,Rosalía,US-Latin,YouTube Music,Pop,US-UMG-RO-1081,13725,1100,10980,104.97,SUPPLY_CHAIN_ACCELERATION
2026-05-04T23:22:13.135Z,J Balvin,Mexico,Spotify,Reggaeton,US-UMG-J -1082,14984,1100,11987,161.25,UNCAPTURED_VIRALITY
2026-05-05T01:05:46.628Z,Karol G,Mexico,YouTube Music,Urbano,US-UMG-KA-1083,41490,1100,33192,235.64,UNCAPTURED_VIRALITY
2026-05-07T22:53:13.115Z,Rauw Alejandro,Brazil,YouTube Music,Urbano,US-UMG-RA-1084,5929,1100,4743,212.15,UNCAPTURED_VIRALITY
2026-05-05T15:20:09.357Z,Anitta,Argentina,TIDAL,Pop,US-UMG-AN-1085,3302,1100,2642,-13.79,FINANCIAL_STOP_LOSS
2026-05-02T12:53:28.562Z,Peso Pluma,Brazil,YouTube Music,Musica Mexicana,US-UMG-PE-1086,41531,1100,33225,11.93,STEADY_STATE
2026-04-30T18:31:30.453Z,Shakira,US-Latin,YouTube Music,Pop,US-UMG-SH-1087,26418,1100,21134,-12.4,FINANCIAL_STOP_LOSS
2026-04-20T14:33:45.884Z,Bad Bunny,Spain,YouTube Music,Reggaeton,US-UMG-BA-1088,87226,1100,69781,34.82,STEADY_STATE
2026-04-17T00:42:29.608Z,Rosalía,US-Latin,Amazon Music,Pop,US-UMG-RO-1089,48527,1100,38822,30.99,STEADY_STATE
2026-04-18T13:15:04.137Z,J Balvin,Brazil,Apple Music,Reggaeton,US-UMG-J -1090,79294,1100,63435,-28.06,FINANCIAL_STOP_LOSS
2026-04-24T08:30:52.476Z,Karol G,Mexico,Apple Music,Urbano,US-UMG-KA-1091,1641,1100,1313,28.77,STEADY_STATE
2026-05-01T03:16:18.906Z,Rauw Alejandro,Mexico,TIDAL,Urbano,US-UMG-RA-1092,69119,1100,55295,-10.68,FINANCIAL_STOP_LOSS
2026-05-12T06:51:30.451Z,Anitta,Mexico,Spotify,Pop,US-UMG-AN-1093,9418,1100,7534,-28.62,FINANCIAL_STOP_LOSS
2026-05-07T05:08:25.367Z,Peso Pluma,US-Latin,Spotify,Musica Mexicana,US-UMG-PE-1094,58033,1100,46426,211.8,UNCAPTURED_VIRALITY
2026-05-12T09:11:36.127Z,Shakira,Brazil,TIDAL,Pop,US-UMG-SH-1095,43743,1100,34994,-30.53,FINANCIAL_STOP_LOSS
2026-04-27T16:03:32.829Z,Bad Bunny,Brazil,YouTube Music,Reggaeton,US-UMG-BA-1096,80945,1100,64756,-32.48,FINANCIAL_STOP_LOSS
2026-05-15T10:26:24.240Z,Rosalía,Argentina,Apple Music,Pop,US-UMG-RO-1097,78823,1100,63058,141.94,SUPPLY_CHAIN_ACCELERATION
2026-05-10T20:45:47.821Z,J Balvin,Spain,YouTube Music,Reggaeton,US-UMG-J -1098,19255,1100,15404,166.64,UNCAPTURED_VIRALITY
2026-04-17T21:23:14.734Z,Karol G,Mexico,Amazon Music,Urbano,US-UMG-KA-1099,85068,7848.42,68054,22.74,STEADY_STATE
2026-04-19T12:56:45.503Z,Rauw Alejandro,Argentina,Amazon Music,Urbano,US-UMG-RA-1100,15857,180,12686,195.89,UNCAPTURED_VIRALITY
2026-04-21T11:42:58.636Z,Anitta,Spain,TIDAL,Pop,US-UMG-AN-1101,55230,234,44184,-4.51,FINANCIAL_STOP_LOSS
2026-05-16T15:28:13.980Z,Peso Pluma,Brazil,YouTube Music,Musica Mexicana,US-UMG-PE-1102,76528,471,61222,181.3,UNCAPTURED_VIRALITY
2026-05-02T22:07:43.447Z,Shakira,Brazil,Apple Music,Pop,US-UMG-SH-1103,52768,370,42214,-14.87,FINANCIAL_STOP_LOSS
2026-05-03T22:01:24.373Z,Bad Bunny,Argentina,YouTube Music,Reggaeton,US-UMG-BA-1104,34608,502,27686,30.03,STEADY_STATE
2026-04-21T01:56:44.663Z,Rosalía,Mexico,YouTube Music,Pop,US-UMG-RO-1105,4375,168,3500,82.37,STEADY_STATE
2026-05-12T12:01:35.552Z,J Balvin,US-Latin,YouTube Music,Reggaeton,US-UMG-J -1106,69829,507,55863,21.34,STEADY_STATE
2026-04-26T07:49:20.213Z,Karol G,Mexico,TIDAL,Urbano,US-UMG-KA-1107,91317,157,73054,228.13,UNCAPTURED_VIRALITY
2026-05-14T07:37:55.390Z,Rauw Alejandro,US-Latin,YouTube Music,Urbano,US-UMG-RA-1108,93351,518,74681,224.61,UNCAPTURED_VIRALITY
2026-04-20T20:31:49.035Z,Anitta,Spain,YouTube Music,Pop,US-UMG-AN-1109,40464,490,32371,-9.92,FINANCIAL_STOP_LOSS
2026-04-19T08:47:27.675Z,Peso Pluma,Mexico,Amazon Music,Musica Mexicana,US-UMG-PE-1110,56470,284,45176,-15.46,FINANCIAL_STOP_LOSS
2026-04-23T12:20:35.711Z,Shakira,Brazil,TIDAL,Pop,US-UMG-SH-1111,95934,364,76747,-49.46,FINANCIAL_STOP_LOSS
2026-05-09T23:15:46.215Z,Bad Bunny,Spain,TIDAL,Reggaeton,US-UMG-BA-1112,65546,480,52437,155.03,UNCAPTURED_VIRALITY
2026-05-05T02:11:34.871Z,Rosalía,Argentina,TIDAL,Pop,US-UMG-RO-1113,81903,409,65522,212.28,UNCAPTURED_VIRALITY
2026-05-10T08:47:39.981Z,J Balvin,US-Latin,TIDAL,Reggaeton,US-UMG-J -1114,4920,293,3936,195.79,UNCAPTURED_VIRALITY
2026-04-26T01:06:04.376Z,Karol G,Argentina,YouTube Music,Urbano,US-UMG-KA-1115,62050,216,49640,242.02,UNCAPTURED_VIRALITY
2026-04-25T23:29:10.803Z,Rauw Alejandro,Mexico,Apple Music,Urbano,US-UMG-RA-1116,67421,403,53937,-5.2,FINANCIAL_STOP_LOSS
2026-05-04T03:39:20.656Z,Anitta,Mexico,YouTube Music,Pop,US-UMG-AN-1117,36877,496,29502,170.67,UNCAPTURED_VIRALITY
2026-04-20T10:23:32.279Z,Peso Pluma,Spain,Amazon Music,Musica Mexicana,US-UMG-PE-1118,52539,356,42031,180.98,UNCAPTURED_VIRALITY
2026-05-12T16:10:13.375Z,Shakira,Mexico,Apple Music,Pop,US-UMG-SH-1119,50825,489,40660,147.07,SUPPLY_CHAIN_ACCELERATION
2026-04-27T18:30:14.183Z,Bad Bunny,Spain,Apple Music,Reggaeton,US-UMG-BA-1120,74026,260,59221,127.24,SUPPLY_CHAIN_ACCELERATION
2026-05-13T02:50:28.795Z,Rosalía,Mexico,TIDAL,Pop,US-UMG-RO-1121,70052,345,56042,-49.13,FINANCIAL_STOP_LOSS
2026-05-06T02:14:06.558Z,J Balvin,Brazil,Apple Music,Reggaeton,US-UMG-J -1122,49135,266,39308,122.72,SUPPLY_CHAIN_ACCELERATION
2026-05-10T09:18:05.315Z,Karol G,Spain,YouTube Music,Urbano,US-UMG-KA-1123,74297,6,59438,190.03,UNCAPTURED_VIRALITY
2026-05-12T08:47:54.266Z,Rauw Alejandro,Spain,TIDAL,Urbano,US-UMG-RA-1124,65575,398,52460,228.87,UNCAPTURED_VIRALITY
2026-05-16T05:41:26.520Z,Anitta,Spain,YouTube Music,Pop,US-UMG-AN-1125,75041,176,60033,-15.5,FINANCIAL_STOP_LOSS
2026-05-13T22:48:10.471Z,Peso Pluma,Brazil,TIDAL,Musica Mexicana,US-UMG-PE-1126,60489,346,48391,-38.81,FINANCIAL_STOP_LOSS
2026-04-30T11:26:16.824Z,Shakira,Spain,TIDAL,Pop,US-UMG-SH-1127,64389,195,51511,171.06,UNCAPTURED_VIRALITY
2026-05-07T01:45:36.635Z,Bad Bunny,Mexico,Amazon Music,Reggaeton,US-UMG-BA-1128,2965,3,2372,204.69,UNCAPTURED_VIRALITY
2026-04-22T00:21:33.682Z,Rosalía,Mexico,Amazon Music,Pop,US-UMG-RO-1129,76881,136,61505,27.42,STEADY_STATE
2026-05-09T07:12:26.380Z,J Balvin,Mexico,Spotify,Reggaeton,US-UMG-J -1130,40056,429,32045,-31.03,FINANCIAL_STOP_LOSS
2026-05-05T13:46:55.691Z,Karol G,Argentina,Amazon Music,Urbano,US-UMG-KA-1131,5453,331,4362,225.74,UNCAPTURED_VIRALITY
2026-05-07T13:58:06.702Z,Rauw Alejandro,Argentina,Amazon Music,Urbano,US-UMG-RA-1132,78481,291,62785,231.33,UNCAPTURED_VIRALITY
2026-04-21T16:02:32.010Z,Anitta,Brazil,Apple Music,Pop,US-UMG-AN-1133,82313,11,65850,37.54,STEADY_STATE
2026-04-30T21:13:16.303Z,Peso Pluma,Brazil,Amazon Music,Musica Mexicana,US-UMG-PE-1134,56653,143,45322,147.86,SUPPLY_CHAIN_ACCELERATION
2026-04-27T00:49:40.426Z,Shakira,Mexico,TIDAL,Pop,US-UMG-SH-1135,16812,312,13450,210.47,UNCAPTURED_VIRALITY
2026-04-25T13:45:31.590Z,Bad Bunny,Argentina,YouTube Music,Reggaeton,US-UMG-BA-1136,76534,243,61227,-38.22,FINANCIAL_STOP_LOSS
2026-05-16T09:42:59.098Z,Rosalía,Argentina,Amazon Music,Pop,US-UMG-RO-1137,71546,516,57237,191.87,UNCAPTURED_VIRALITY
2026-04-29T18:12:03.614Z,J Balvin,Argentina,YouTube Music,Reggaeton,US-UMG-J -1138,21305,505,17044,133.7,SUPPLY_CHAIN_ACCELERATION
2026-04-20T04:42:02.125Z,Karol G,US-Latin,Apple Music,Urbano,US-UMG-KA-1139,42441,462,33953,246.48,UNCAPTURED_VIRALITY
2026-04-23T18:25:14.784Z,Rauw Alejandro,Brazil,Spotify,Urbano,US-UMG-RA-1140,33173,312,26538,38.96,STEADY_STATE
2026-05-06T18:05:24.845Z,Anitta,Brazil,TIDAL,Pop,US-UMG-AN-1141,41289,219,33031,236.34,UNCAPTURED_VIRALITY
2026-04-26T07:46:46.505Z,Peso Pluma,Spain,Apple Music,Musica Mexicana,US-UMG-PE-1142,44295,457,35436,143.25,SUPPLY_CHAIN_ACCELERATION
2026-04-26T03:43:55.002Z,Shakira,Spain,Amazon Music,Pop,US-UMG-SH-1143,27801,134,22241,45.39,STEADY_STATE
2026-05-12T21:36:19.174Z,Bad Bunny,US-Latin,YouTube Music,Reggaeton,US-UMG-BA-1144,93184,448,74547,-41.94,FINANCIAL_STOP_LOSS
2026-05-08T14:49:45.643Z,Rosalía,US-Latin,Amazon Music,Pop,US-UMG-RO-1145,21097,21,16878,52.09,STEADY_STATE
2026-04-21T18:51:35.033Z,J Balvin,Mexico,Apple Music,Reggaeton,US-UMG-J -1146,9760,71,7808,-43.59,FINANCIAL_STOP_LOSS
2026-04-22T03:18:45.088Z,Karol G,Mexico,Spotify,Urbano,US-UMG-KA-1147,86887,304,69510,-6.95,FINANCIAL_STOP_LOSS
2026-04-27T01:16:49.498Z,Rauw Alejandro,Mexico,Spotify,Urbano,US-UMG-RA-1148,73209,351,58567,226.28,UNCAPTURED_VIRALITY
2026-04-18T03:54:06.223Z,Anitta,US-Latin,Spotify,Pop,US-UMG-AN-1149,9662,298,7730,13.81,STEADY_STATE
2026-04-25T02:05:54.223Z,Peso Pluma,Brazil,Amazon Music,Musica Mexicana,US-UMG-PE-1150,30626,167,24501,47.08,STEADY_STATE
2026-04-21T13:22:35.381Z,Shakira,Brazil,Apple Music,Pop,US-UMG-SH-1151,93329,73,74663,42.26,STEADY_STATE
2026-05-12T08:48:30.666Z,Bad Bunny,Brazil,YouTube Music,Reggaeton,US-UMG-BA-1152,40095,330,32076,60.02,STEADY_STATE
2026-05-15T16:52:27.106Z,Rosalía,Brazil,Spotify,Pop,US-UMG-RO-1153,63923,207,51138,52.42,STEADY_STATE
2026-04-24T17:34:28.477Z,J Balvin,Brazil,Spotify,Reggaeton,US-UMG-J -1154,91114,177,72891,239.65,UNCAPTURED_VIRALITY
2026-05-06T17:39:39.694Z,Karol G,Mexico,Amazon Music,Urbano,US-UMG-KA-1155,24061,46,19249,53.23,STEADY_STATE
2026-04-29T04:56:50.173Z,Rauw Alejandro,US-Latin,Spotify,Urbano,US-UMG-RA-1156,4665,259,3732,91.51,STEADY_STATE
2026-05-07T03:19:40.047Z,Anitta,US-Latin,TIDAL,Pop,US-UMG-AN-1157,84761,93,67809,103.75,SUPPLY_CHAIN_ACCELERATION
2026-05-01T21:59:04.094Z,Peso Pluma,US-Latin,Apple Music,Musica Mexicana,US-UMG-PE-1158,77423,222,61938,225.41,UNCAPTURED_VIRALITY
2026-04-26T22:19:10.516Z,Shakira,Spain,Apple Music,Pop,US-UMG-SH-1159,68851,480,55081,145.71,SUPPLY_CHAIN_ACCELERATION
2026-04-18T20:55:10.869Z,Bad Bunny,Mexico,TIDAL,Reggaeton,US-UMG-BA-1160,43981,170,35185,235.61,UNCAPTURED_VIRALITY
2026-04-30T05:23:01.239Z,Rosalía,Brazil,Amazon Music,Pop,US-UMG-RO-1161,87518,102,70014,111.14,SUPPLY_CHAIN_ACCELERATION
2026-05-11T16:49:04.818Z,J Balvin,Argentina,Amazon Music,Reggaeton,US-UMG-J -1162,68183,330,54546,149.01,SUPPLY_CHAIN_ACCELERATION
2026-05-12T00:11:36.070Z,Karol G,Argentina,Amazon Music,Urbano,US-UMG-KA-1163,29761,469,23809,22.71,STEADY_STATE
2026-04-30T03:20:16.395Z,Rauw Alejandro,Brazil,TIDAL,Urbano,US-UMG-RA-1164,39396,347,31517,6.87,STEADY_STATE
2026-05-09T21:16:23.532Z,Anitta,Mexico,YouTube Music,Pop,US-UMG-AN-1165,36910,480,29528,230.6,UNCAPTURED_VIRALITY
2026-05-08T16:55:40.839Z,Peso Pluma,US-Latin,Spotify,Musica Mexicana,US-UMG-PE-1166,56334,322,45067,-39.61,FINANCIAL_STOP_LOSS
2026-04-29T20:30:00.720Z,Shakira,US-Latin,YouTube Music,Pop,US-UMG-SH-1167,76144,458,60915,199.81,UNCAPTURED_VIRALITY
2026-04-30T08:32:41.272Z,Bad Bunny,Spain,YouTube Music,Reggaeton,US-UMG-BA-1168,52801,303,42241,211.27,UNCAPTURED_VIRALITY
2026-05-16T06:44:51.272Z,Rosalía,Spain,Spotify,Pop,US-UMG-RO-1169,64750,345,51800,210.93,UNCAPTURED_VIRALITY
2026-05-10T01:50:40.357Z,J Balvin,Mexico,TIDAL,Reggaeton,US-UMG-J -1170,95194,126,76155,167.24,UNCAPTURED_VIRALITY
2026-04-21T01:50:45.718Z,Karol G,Brazil,Spotify,Urbano,US-UMG-KA-1171,77225,393,61780,185.76,UNCAPTURED_VIRALITY
2026-04-28T11:43:52.175Z,Rauw Alejandro,Spain,TIDAL,Urbano,US-UMG-RA-1172,61667,219,49334,146.22,SUPPLY_CHAIN_ACCELERATION
2026-04-20T15:09:56.547Z,Anitta,Argentina,Apple Music,Pop,US-UMG-AN-1173,63998,464,51198,93.41,STEADY_STATE
2026-04-22T18:07:52.978Z,Peso Pluma,Brazil,TIDAL,Musica Mexicana,US-UMG-PE-1174,43623,334,34898,-28.63,FINANCIAL_STOP_LOSS
2026-04-22T14:53:08.216Z,Shakira,US-Latin,YouTube Music,Pop,US-UMG-SH-1175,91696,360,73357,0.36,STEADY_STATE
2026-04-30T02:59:14.137Z,Bad Bunny,US-Latin,Amazon Music,Reggaeton,US-UMG-BA-1176,76265,128,61012,-41.01,FINANCIAL_STOP_LOSS
2026-04-16T18:45:16.969Z,Rosalía,Argentina,Amazon Music,Pop,US-UMG-RO-1177,60124,479,48099,166.9,UNCAPTURED_VIRALITY
2026-05-12T13:51:21.397Z,J Balvin,Argentina,TIDAL,Reggaeton,US-UMG-J -1178,48690,268,38952,23.86,STEADY_STATE
2026-05-12T00:17:59.167Z,Karol G,Mexico,Apple Music,Urbano,US-UMG-KA-1179,32468,126,25974,10.95,STEADY_STATE
2026-04-21T19:55:37.047Z,Rauw Alejandro,US-Latin,Apple Music,Urbano,US-UMG-RA-1180,15536,407,12429,238.88,UNCAPTURED_VIRALITY
2026-04-19T05:30:07.582Z,Anitta,Argentina,Amazon Music,Pop,US-UMG-AN-1181,99753,398,79802,126.65,SUPPLY_CHAIN_ACCELERATION
2026-05-06T09:32:20.775Z,Peso Pluma,US-Latin,YouTube Music,Musica Mexicana,US-UMG-PE-1182,55032,51,44026,215.66,UNCAPTURED_VIRALITY
2026-05-09T10:39:40.292Z,Shakira,Brazil,YouTube Music,Pop,US-UMG-SH-1183,8003,268,6402,68.06,STEADY_STATE
2026-05-06T03:58:21.039Z,Bad Bunny,Brazil,Amazon Music,Reggaeton,US-UMG-BA-1184,3498,12,2798,43.19,STEADY_STATE
2026-04-18T02:16:24.071Z,Rosalía,US-Latin,Spotify,Pop,US-UMG-RO-1185,90844,462,72675,67.74,STEADY_STATE
2026-05-14T06:44:07.650Z,J Balvin,Argentina,YouTube Music,Reggaeton,US-UMG-J -1186,28032,211,22426,210.1,UNCAPTURED_VIRALITY
2026-05-10T01:43:38.707Z,Karol G,US-Latin,Amazon Music,Urbano,US-UMG-KA-1187,66788,333,53430,180.07,UNCAPTURED_VIRALITY
2026-04-24T23:01:49.065Z,Rauw Alejandro,Argentina,Apple Music,Urbano,US-UMG-RA-1188,35642,198,28514,247.53,UNCAPTURED_VIRALITY
2026-04-17T14:53:58.682Z,Anitta,US-Latin,YouTube Music,Pop,US-UMG-AN-1189,58626,394,46901,114.47,SUPPLY_CHAIN_ACCELERATION
2026-04-21T06:43:37.307Z,Peso Pluma,US-Latin,Spotify,Musica Mexicana,US-UMG-PE-1190,79822,448,63858,228.4,UNCAPTURED_VIRALITY
2026-05-02T03:04:50.669Z,Shakira,Argentina,Amazon Music,Pop,US-UMG-SH-1191,57140,320,45712,-14.64,FINANCIAL_STOP_LOSS
2026-04-23T04:03:10.576Z,Bad Bunny,Mexico,Apple Music,Reggaeton,US-UMG-BA-1192,42612,320,34090,189.09,UNCAPTURED_VIRALITY
2026-05-14T06:23:12.824Z,Rosalía,Spain,Apple Music,Pop,US-UMG-RO-1193,95784,104,76627,78.25,STEADY_STATE
2026-05-07T07:10:46.494Z,J Balvin,US-Latin,Apple Music,Reggaeton,US-UMG-J -1194,44239,208,35391,10.8,STEADY_STATE
2026-04-29T15:54:52.489Z,Karol G,Brazil,TIDAL,Urbano,US-UMG-KA-1195,7958,445,6366,45.51,STEADY_STATE
2026-05-01T01:45:33.443Z,Rauw Alejandro,Mexico,YouTube Music,Urbano,US-UMG-RA-1196,89825,368,71860,66.2,STEADY_STATE
2026-05-11T04:46:12.188Z,Anitta,Argentina,YouTube Music,Pop,US-UMG-AN-1197,5319,95,4255,149.23,SUPPLY_CHAIN_ACCELERATION
2026-04-28T14:49:35.116Z,Peso Pluma,Argentina,Spotify,Musica Mexicana,US-UMG-PE-1198,62793,12,50234,67.17,STEADY_STATE
2026-04-21T01:01:44.433Z,Shakira,US-Latin,YouTube Music,Pop,US-UMG-SH-1199,80000,480,64000,160.76,UNCAPTURED_VIRALITY
2026-05-03T02:09:29.593Z,Bad Bunny,Mexico,Spotify,Reggaeton,US-UMG-BA-1200,34821,1,27857,29.96,STEADY_STATE
2026-04-17T01:06:53.668Z,Rosalía,Mexico,Apple Music,Pop,US-UMG-RO-1201,71332,125,57066,-16.12,FINANCIAL_STOP_LOSS
2026-04-18T14:53:29.280Z,J Balvin,US-Latin,TIDAL,Reggaeton,US-UMG-J -1202,94813,337,75850,167.52,UNCAPTURED_VIRALITY
2026-05-01T04:07:13.287Z,Karol G,Brazil,Amazon Music,Urbano,US-UMG-KA-1203,17982,259,14386,-13.45,FINANCIAL_STOP_LOSS
2026-04-22T00:03:51.402Z,Rauw Alejandro,US-Latin,Amazon Music,Urbano,US-UMG-RA-1204,72848,293,58278,177.15,UNCAPTURED_VIRALITY
2026-05-04T17:53:05.392Z,Anitta,Spain,Apple Music,Pop,US-UMG-AN-1205,85748,16,68598,90.97,STEADY_STATE
2026-04-18T20:17:32.909Z,Peso Pluma,Mexico,Apple Music,Musica Mexicana,US-UMG-PE-1206,32471,310,25977,245.1,UNCAPTURED_VIRALITY
2026-05-05T22:20:24.786Z,Shakira,Argentina,TIDAL,Pop,US-UMG-SH-1207,27230,236,21784,-32.47,FINANCIAL_STOP_LOSS
2026-05-05T06:02:32.891Z,Bad Bunny,Mexico,TIDAL,Reggaeton,US-UMG-BA-1208,67181,387,53745,-35.54,FINANCIAL_STOP_LOSS
2026-04-28T06:44:51.568Z,Rosalía,Brazil,Amazon Music,Pop,US-UMG-RO-1209,78795,206,63036,10.25,STEADY_STATE
2026-05-05T11:54:59.302Z,J Balvin,Brazil,TIDAL,Reggaeton,US-UMG-J -1210,48922,262,39138,-6.41,FINANCIAL_STOP_LOSS
2026-04-30T02:09:28.928Z,Karol G,US-Latin,YouTube Music,Urbano,US-UMG-KA-1211,32199,403,25759,-26.47,FINANCIAL_STOP_LOSS
2026-05-14T01:32:13.144Z,Rauw Alejandro,Argentina,Amazon Music,Urbano,US-UMG-RA-1212,31606,29,25285,227.23,UNCAPTURED_VIRALITY
2026-04-22T09:41:03.699Z,Anitta,Brazil,Spotify,Pop,US-UMG-AN-1213,61048,509,48838,41.44,STEADY_STATE
2026-05-12T06:26:59.192Z,Peso Pluma,Mexico,TIDAL,Musica Mexicana,US-UMG-PE-1214,76974,495,61579,202.06,UNCAPTURED_VIRALITY
2026-05-09T08:13:22.884Z,Shakira,US-Latin,Amazon Music,Pop,US-UMG-SH-1215,69545,450,55636,189.39,UNCAPTURED_VIRALITY
2026-04-18T00:08:21.391Z,Bad Bunny,Mexico,Spotify,Reggaeton,US-UMG-BA-1216,35095,10,28076,40.6,STEADY_STATE
2026-04-21T19:39:07.508Z,Rosalía,Argentina,Apple Music,Pop,US-UMG-RO-1217,35016,407,28013,165.74,UNCAPTURED_VIRALITY
2026-04-18T19:13:43.216Z,J Balvin,Mexico,YouTube Music,Reggaeton,US-UMG-J -1218,56023,261,44818,16.63,STEADY_STATE
2026-04-17T14:58:09.591Z,Karol G,Mexico,Amazon Music,Urbano,US-UMG-KA-1219,17689,365,14151,88.83,STEADY_STATE
2026-05-14T03:23:07.261Z,Rauw Alejandro,Mexico,YouTube Music,Urbano,US-UMG-RA-1220,44968,81,35974,212.16,UNCAPTURED_VIRALITY
2026-04-27T16:29:21.178Z,Anitta,Brazil,YouTube Music,Pop,US-UMG-AN-1221,64483,367,51586,246.27,UNCAPTURED_VIRALITY
2026-05-15T05:48:31.494Z,Peso Pluma,Argentina,YouTube Music,Musica Mexicana,US-UMG-PE-1222,42830,359,34264,188.45,UNCAPTURED_VIRALITY
2026-04-24T14:52:10.320Z,Shakira,Spain,Apple Music,Pop,US-UMG-SH-1223,78923,129,63138,203.06,UNCAPTURED_VIRALITY
2026-04-17T05:49:33.732Z,Bad Bunny,Spain,Apple Music,Reggaeton,US-UMG-BA-1224,8468,17,6774,3.1,STEADY_STATE
2026-04-20T07:08:02.242Z,Rosalía,Argentina,YouTube Music,Pop,US-UMG-RO-1225,54412,36,43530,121.74,SUPPLY_CHAIN_ACCELERATION
2026-04-24T14:52:18.548Z,J Balvin,Mexico,TIDAL,Reggaeton,US-UMG-J -1226,24221,386,19377,14.16,STEADY_STATE
2026-05-14T09:45:41.190Z,Karol G,Brazil,TIDAL,Urbano,US-UMG-KA-1227,21844,108,17475,180.82,UNCAPTURED_VIRALITY
2026-05-12T14:58:23.038Z,Rauw Alejandro,Argentina,TIDAL,Urbano,US-UMG-RA-1228,38758,466,31006,75.65,STEADY_STATE
2026-04-28T18:44:22.504Z,Anitta,Brazil,Amazon Music,Pop,US-UMG-AN-1229,73865,99,59092,-21.75,FINANCIAL_STOP_LOSS
2026-04-24T12:07:20.510Z,Peso Pluma,Mexico,YouTube Music,Musica Mexicana,US-UMG-PE-1230,26057,311,20846,113.47,SUPPLY_CHAIN_ACCELERATION
2026-04-19T00:16:09.459Z,Shakira,Mexico,Spotify,Pop,US-UMG-SH-1231,85662,321,68530,67.36,STEADY_STATE
2026-04-21T05:59:38.274Z,Bad Bunny,Spain,TIDAL,Reggaeton,US-UMG-BA-1232,16126,44,12901,12.39,STEADY_STATE
2026-05-01T20:56:43.772Z,Rosalía,Brazil,Spotify,Pop,US-UMG-RO-1233,61547,361,49238,106.34,SUPPLY_CHAIN_ACCELERATION
2026-04-18T13:45:22.419Z,J Balvin,Brazil,TIDAL,Reggaeton,US-UMG-J -1234,12704,445,10163,78.41,STEADY_STATE
2026-05-03T13:34:38.884Z,Karol G,Spain,Amazon Music,Urbano,US-UMG-KA-1235,94455,406,75564,-11.72,FINANCIAL_STOP_LOSS
2026-05-09T03:14:42.034Z,Rauw Alejandro,Spain,Spotify,Urbano,US-UMG-RA-1236,38770,300,31016,81.46,STEADY_STATE
2026-04-28T02:24:03.689Z,Anitta,Mexico,YouTube Music,Pop,US-UMG-AN-1237,14072,167,11258,76.56,STEADY_STATE
2026-05-11T22:59:23.141Z,Peso Pluma,Argentina,TIDAL,Musica Mexicana,US-UMG-PE-1238,45787,33,36630,85.93,STEADY_STATE
2026-05-13T19:42:20.534Z,Shakira,Argentina,Spotify,Pop,US-UMG-SH-1239,41095,53,32876,202.46,UNCAPTURED_VIRALITY
2026-05-12T03:40:20.622Z,Bad Bunny,Spain,Amazon Music,Reggaeton,US-UMG-BA-1240,83548,190,66838,153.47,UNCAPTURED_VIRALITY
2026-04-19T05:51:59.966Z,Rosalía,Spain,YouTube Music,Pop,US-UMG-RO-1241,68249,36,54599,18.94,STEADY_STATE
2026-05-11T03:02:04.692Z,J Balvin,Mexico,YouTube Music,Reggaeton,US-UMG-J -1242,60875,399,48700,126.16,SUPPLY_CHAIN_ACCELERATION
2026-05-14T22:15:28.817Z,Karol G,US-Latin,TIDAL,Urbano,US-UMG-KA-1243,93163,182,74530,197.42,UNCAPTURED_VIRALITY
2026-05-03T02:35:23.248Z,Rauw Alejandro,Spain,YouTube Music,Urbano,US-UMG-RA-1244,99996,284,79997,237.61,UNCAPTURED_VIRALITY
2026-04-18T00:10:42.229Z,Anitta,US-Latin,Spotify,Pop,US-UMG-AN-1245,46039,318,36831,168.55,UNCAPTURED_VIRALITY
2026-05-09T17:21:36.891Z,Peso Pluma,Brazil,Amazon Music,Musica Mexicana,US-UMG-PE-1246,42800,226,34240,27.53,STEADY_STATE
2026-05-14T16:36:04.468Z,Shakira,Brazil,YouTube Music,Pop,US-UMG-SH-1247,64113,223,51290,75.44,STEADY_STATE
2026-04-19T02:12:55.340Z,Bad Bunny,Argentina,Apple Music,Reggaeton,US-UMG-BA-1248,21071,90,16857,223.11,UNCAPTURED_VIRALITY
2026-05-09T12:08:05.324Z,Rosalía,Spain,Spotify,Pop,US-UMG-RO-1249,7507,284,6006,68.1,STEADY_STATE
2026-05-16T04:58:49.185Z,J Balvin,Argentina,TIDAL,Reggaeton,US-UMG-J -1250,37462,462,29970,242.38,UNCAPTURED_VIRALITY
2026-04-27T10:12:13.655Z,Karol G,US-Latin,Amazon Music,Urbano,US-UMG-KA-1251,40079,485,32063,86.93,STEADY_STATE
2026-04-20T04:39:56.285Z,Rauw Alejandro,Mexico,YouTube Music,Urbano,US-UMG-RA-1252,34011,297,27209,191.97,UNCAPTURED_VIRALITY
2026-04-22T15:09:00.154Z,Anitta,Spain,YouTube Music,Pop,US-UMG-AN-1253,3067,217,2454,239.62,UNCAPTURED_VIRALITY
2026-05-14T20:25:57.679Z,Peso Pluma,Argentina,TIDAL,Musica Mexicana,US-UMG-PE-1254,3497,327,2798,91.78,STEADY_STATE
2026-05-12T07:56:30.019Z,Shakira,US-Latin,Amazon Music,Pop,US-UMG-SH-1255,36780,292,29424,106.39,SUPPLY_CHAIN_ACCELERATION
2026-04-16T23:46:43.546Z,Bad Bunny,Spain,Spotify,Reggaeton,US-UMG-BA-1256,62698,237,50158,-11.98,FINANCIAL_STOP_LOSS
2026-05-08T01:31:07.526Z,Rosalía,Argentina,Amazon Music,Pop,US-UMG-RO-1257,100690,270,80552,19.57,STEADY_STATE
2026-04-18T08:15:47.209Z,J Balvin,US-Latin,Amazon Music,Reggaeton,US-UMG-J -1258,43805,308,35044,197.06,UNCAPTURED_VIRALITY
2026-04-21T17:50:19.435Z,Karol G,Spain,Spotify,Urbano,US-UMG-KA-1259,33009,301,26407,197.39,UNCAPTURED_VIRALITY
2026-04-25T11:17:26.280Z,Rauw Alejandro,Brazil,Amazon Music,Urbano,US-UMG-RA-1260,87432,433,69946,164.59,UNCAPTURED_VIRALITY
2026-05-05T02:37:25.116Z,Anitta,Spain,YouTube Music,Pop,US-UMG-AN-1261,38148,332,30518,16.37,STEADY_STATE
2026-05-01T20:55:38.362Z,Peso Pluma,Mexico,Amazon Music,Musica Mexicana,US-UMG-PE-1262,80422,5,64338,160.73,UNCAPTURED_VIRALITY
2026-05-16T04:10:30.789Z,Shakira,Argentina,Amazon Music,Pop,US-UMG-SH-1263,68380,317,54704,114.32,SUPPLY_CHAIN_ACCELERATION
2026-04-25T13:00:22.706Z,Bad Bunny,Mexico,TIDAL,Reggaeton,US-UMG-BA-1264,83886,426,67109,248.83,UNCAPTURED_VIRALITY
2026-04-24T22:32:21.556Z,Rosalía,Brazil,Amazon Music,Pop,US-UMG-RO-1265,15805,72,12644,127.06,SUPPLY_CHAIN_ACCELERATION
2026-05-06T06:34:42.344Z,J Balvin,Mexico,YouTube Music,Reggaeton,US-UMG-J -1266,56688,517,45350,135.64,SUPPLY_CHAIN_ACCELERATION
2026-05-06T05:28:54.588Z,Karol G,US-Latin,Amazon Music,Urbano,US-UMG-KA-1267,43113,328,34490,239.33,UNCAPTURED_VIRALITY
2026-05-04T21:45:33.257Z,Rauw Alejandro,US-Latin,TIDAL,Urbano,US-UMG-RA-1268,52210,358,41768,97.94,STEADY_STATE
2026-04-28T12:54:25.437Z,Anitta,Argentina,Apple Music,Pop,US-UMG-AN-1269,73999,399,59199,-12.02,FINANCIAL_STOP_LOSS
2026-04-28T20:57:29.266Z,Peso Pluma,US-Latin,YouTube Music,Musica Mexicana,US-UMG-PE-1270,35485,473,28388,103.03,SUPPLY_CHAIN_ACCELERATION
2026-04-22T12:40:05.669Z,Shakira,Spain,Amazon Music,Pop,US-UMG-SH-1271,10601,491,8481,179.44,UNCAPTURED_VIRALITY
2026-05-14T06:43:52.435Z,Bad Bunny,Mexico,YouTube Music,Reggaeton,US-UMG-BA-1272,36663,17,29330,33.87,STEADY_STATE
2026-05-15T18:10:02.175Z,Rosalía,US-Latin,Spotify,Pop,US-UMG-RO-1273,21948,188,17558,195.42,UNCAPTURED_VIRALITY
2026-05-15T02:06:00.949Z,J Balvin,Argentina,TIDAL,Reggaeton,US-UMG-J -1274,62512,200,50010,-40.31,FINANCIAL_STOP_LOSS
2026-05-09T21:26:57.383Z,Karol G,Mexico,TIDAL,Urbano,US-UMG-KA-1275,59998,136,47998,0.16,STEADY_STATE
2026-04-25T05:19:36.668Z,Rauw Alejandro,Argentina,Spotify,Urbano,US-UMG-RA-1276,5872,463,4698,129.53,SUPPLY_CHAIN_ACCELERATION
2026-05-02T18:47:38.507Z,Anitta,Brazil,Amazon Music,Pop,US-UMG-AN-1277,3620,386,2896,15.48,STEADY_STATE
2026-05-02T04:34:34.419Z,Peso Pluma,Argentina,YouTube Music,Musica Mexicana,US-UMG-PE-1278,69812,410,55850,137.6,SUPPLY_CHAIN_ACCELERATION
2026-04-29T19:37:41.356Z,Shakira,Mexico,Spotify,Pop,US-UMG-SH-1279,90195,413,72156,97,STEADY_STATE
2026-04-16T21:45:01.367Z,Bad Bunny,Spain,Amazon Music,Reggaeton,US-UMG-BA-1280,80567,265,64454,203.57,UNCAPTURED_VIRALITY
2026-05-07T18:15:14.078Z,Rosalía,Spain,YouTube Music,Pop,US-UMG-RO-1281,16830,408,13464,156.31,UNCAPTURED_VIRALITY
2026-04-20T13:19:43.803Z,J Balvin,Mexico,Spotify,Reggaeton,US-UMG-J -1282,75773,73,60618,-10.04,FINANCIAL_STOP_LOSS
2026-04-27T01:54:51.311Z,Karol G,Argentina,YouTube Music,Urbano,US-UMG-KA-1283,70996,156,56797,1.52,STEADY_STATE
2026-05-12T09:19:09.881Z,Rauw Alejandro,Mexico,Amazon Music,Urbano,US-UMG-RA-1284,33170,112,26536,153.3,UNCAPTURED_VIRALITY
2026-04-21T17:07:03.721Z,Anitta,Brazil,YouTube Music,Pop,US-UMG-AN-1285,1066,496,853,26.25,STEADY_STATE
2026-05-08T04:58:49.153Z,Peso Pluma,US-Latin,YouTube Music,Musica Mexicana,US-UMG-PE-1286,86874,113,69499,-14.89,FINANCIAL_STOP_LOSS
2026-05-02T04:53:02.810Z,Shakira,US-Latin,TIDAL,Pop,US-UMG-SH-1287,15868,236,12694,111.24,SUPPLY_CHAIN_ACCELERATION
2026-05-14T21:11:55.337Z,Bad Bunny,Spain,Apple Music,Reggaeton,US-UMG-BA-1288,74457,188,59566,188.73,UNCAPTURED_VIRALITY
2026-04-17T09:17:23.208Z,Rosalía,Mexico,YouTube Music,Pop,US-UMG-RO-1289,87262,406,69810,188.35,UNCAPTURED_VIRALITY
2026-05-08T17:29:50.982Z,J Balvin,Brazil,Apple Music,Reggaeton,US-UMG-J -1290,71449,410,57159,50.94,STEADY_STATE
2026-04-26T00:23:24.313Z,Karol G,US-Latin,TIDAL,Urbano,US-UMG-KA-1291,17214,45,13771,-28.88,FINANCIAL_STOP_LOSS
2026-05-12T15:40:09.104Z,Rauw Alejandro,Spain,Apple Music,Urbano,US-UMG-RA-1292,18106,398,14485,184.95,UNCAPTURED_VIRALITY
2026-04-17T08:09:16.825Z,Anitta,US-Latin,Spotify,Pop,US-UMG-AN-1293,33937,327,27150,43.1,STEADY_STATE
2026-04-25T18:14:48.070Z,Peso Pluma,Mexico,Amazon Music,Musica Mexicana,US-UMG-PE-1294,47794,313,38235,180.11,UNCAPTURED_VIRALITY
2026-04-25T03:58:04.754Z,Shakira,Mexico,TIDAL,Pop,US-UMG-SH-1295,59622,110,47698,-10.23,FINANCIAL_STOP_LOSS
2026-04-19T22:46:31.970Z,Bad Bunny,Mexico,Spotify,Reggaeton,US-UMG-BA-1296,85683,114,68546,27.09,STEADY_STATE
2026-05-03T22:16:10.324Z,Rosalía,Spain,Amazon Music,Pop,US-UMG-RO-1297,61573,91,49258,117.76,SUPPLY_CHAIN_ACCELERATION
2026-05-15T02:56:49.841Z,J Balvin,US-Latin,Spotify,Reggaeton,US-UMG-J -1298,57397,410,45918,108.33,SUPPLY_CHAIN_ACCELERATION
2026-05-04T14:34:40.641Z,Karol G,US-Latin,TIDAL,Urbano,US-UMG-KA-1299,73761,336,59009,97.15,STEADY_STATE
2026-05-07T11:32:04.586Z,Rauw Alejandro,Spain,TIDAL,Urbano,US-UMG-RA-1300,42452,396,33962,102.7,SUPPLY_CHAIN_ACCELERATION
2026-04-19T21:36:47.355Z,Anitta,Argentina,TIDAL,Pop,US-UMG-AN-1301,37442,80,29954,43.6,STEADY_STATE
2026-04-29T06:42:37.452Z,Peso Pluma,Argentina,Amazon Music,Musica Mexicana,US-UMG-PE-1302,52752,111,42202,74.32,STEADY_STATE
2026-05-12T04:02:23.246Z,Shakira,Spain,Apple Music,Pop,US-UMG-SH-1303,12276,270,9821,146.58,SUPPLY_CHAIN_ACCELERATION
2026-04-24T10:13:14.855Z,Bad Bunny,US-Latin,Apple Music,Reggaeton,US-UMG-BA-1304,5925,166,4740,28.58,STEADY_STATE
2026-04-30T20:59:11.899Z,Rosalía,Mexico,TIDAL,Pop,US-UMG-RO-1305,38843,425,31074,22.29,STEADY_STATE
2026-04-27T00:56:01.740Z,J Balvin,Brazil,Spotify,Reggaeton,US-UMG-J -1306,10225,392,8180,149.13,SUPPLY_CHAIN_ACCELERATION
2026-05-13T09:09:17.071Z,Karol G,Brazil,Amazon Music,Urbano,US-UMG-KA-1307,69152,493,55322,236.83,UNCAPTURED_VIRALITY
2026-05-10T01:28:38.115Z,Rauw Alejandro,Argentina,Amazon Music,Urbano,US-UMG-RA-1308,46466,396,37173,190.33,UNCAPTURED_VIRALITY
2026-04-18T01:15:52.018Z,Anitta,Spain,Apple Music,Pop,US-UMG-AN-1309,81085,131,64868,36.8,STEADY_STATE
2026-05-10T09:09:46.345Z,Peso Pluma,Brazil,YouTube Music,Musica Mexicana,US-UMG-PE-1310,98051,238,78441,119.12,SUPPLY_CHAIN_ACCELERATION
2026-04-21T12:11:41.642Z,Shakira,Brazil,TIDAL,Pop,US-UMG-SH-1311,31064,320,24851,123.27,SUPPLY_CHAIN_ACCELERATION
2026-04-25T09:02:27.967Z,Bad Bunny,Brazil,Amazon Music,Reggaeton,US-UMG-BA-1312,41921,339,33537,13.52,STEADY_STATE
2026-05-13T09:57:48.164Z,Rosalía,Argentina,Apple Music,Pop,US-UMG-RO-1313,48221,18,38577,128.99,SUPPLY_CHAIN_ACCELERATION
2026-04-29T17:40:38.806Z,J Balvin,Argentina,Spotify,Reggaeton,US-UMG-J -1314,49276,211,39421,-4.89,FINANCIAL_STOP_LOSS
2026-05-07T19:56:49.798Z,Karol G,Brazil,Apple Music,Urbano,US-UMG-KA-1315,64928,124,51942,41.47,STEADY_STATE
2026-04-30T06:41:22.176Z,Rauw Alejandro,US-Latin,YouTube Music,Urbano,US-UMG-RA-1316,34181,276,27345,131.58,SUPPLY_CHAIN_ACCELERATION
2026-05-11T13:28:13.518Z,Anitta,US-Latin,YouTube Music,Pop,US-UMG-AN-1317,71979,463,57583,-13.16,FINANCIAL_STOP_LOSS
2026-04-23T13:56:06.277Z,Peso Pluma,Argentina,TIDAL,Musica Mexicana,US-UMG-PE-1318,95862,102,76690,134.92,SUPPLY_CHAIN_ACCELERATION
2026-05-05T15:47:24.847Z,Shakira,Mexico,Apple Music,Pop,US-UMG-SH-1319,20319,208,16255,216.32,UNCAPTURED_VIRALITY
2026-05-07T08:09:17.574Z,Bad Bunny,Spain,Amazon Music,Reggaeton,US-UMG-BA-1320,7441,165,5953,124.4,SUPPLY_CHAIN_ACCELERATION
2026-04-24T23:08:44.466Z,Rosalía,Argentina,YouTube Music,Pop,US-UMG-RO-1321,84745,258,67796,58,STEADY_STATE
2026-04-28T22:32:36.329Z,J Balvin,Spain,TIDAL,Reggaeton,US-UMG-J -1322,35098,298,28078,108.46,SUPPLY_CHAIN_ACCELERATION
2026-04-19T17:21:37.787Z,Karol G,Spain,Amazon Music,Urbano,US-UMG-KA-1323,56498,507,45198,249.22,UNCAPTURED_VIRALITY
2026-05-13T23:22:39.683Z,Rauw Alejandro,Brazil,Apple Music,Urbano,US-UMG-RA-1324,25832,74,20666,-14.84,FINANCIAL_STOP_LOSS
2026-04-24T01:55:17.876Z,Anitta,Mexico,Amazon Music,Pop,US-UMG-AN-1325,31951,334,25561,-19.56,FINANCIAL_STOP_LOSS
2026-04-21T13:44:06.673Z,Peso Pluma,Brazil,Amazon Music,Musica Mexicana,US-UMG-PE-1326,28060,82,22448,188.46,UNCAPTURED_VIRALITY
2026-04-28T14:56:20.746Z,Shakira,Spain,Amazon Music,Pop,US-UMG-SH-1327,30094,45,24075,116.56,SUPPLY_CHAIN_ACCELERATION
2026-05-12T02:36:25.173Z,Bad Bunny,Brazil,TIDAL,Reggaeton,US-UMG-BA-1328,35965,83,28772,-25.07,FINANCIAL_STOP_LOSS
2026-04-22T09:07:59.920Z,Rosalía,Brazil,Spotify,Pop,US-UMG-RO-1329,45385,198,36308,-38.04,FINANCIAL_STOP_LOSS
2026-04-26T13:35:06.428Z,J Balvin,Argentina,Spotify,Reggaeton,US-UMG-J -1330,96889,512,77511,111.87,SUPPLY_CHAIN_ACCELERATION
2026-04-21T14:28:54.752Z,Karol G,Mexico,Amazon Music,Urbano,US-UMG-KA-1331,30802,171,24642,134.42,SUPPLY_CHAIN_ACCELERATION
2026-04-17T22:57:18.931Z,Rauw Alejandro,Brazil,Spotify,Urbano,US-UMG-RA-1332,93906,430,75125,174.71,UNCAPTURED_VIRALITY
2026-05-12T03:05:41.861Z,Anitta,Mexico,YouTube Music,Pop,US-UMG-AN-1333,29776,510,23821,219.11,UNCAPTURED_VIRALITY
2026-04-23T12:47:42.659Z,Peso Pluma,Brazil,TIDAL,Musica Mexicana,US-UMG-PE-1334,68815,177,55052,-47.37,FINANCIAL_STOP_LOSS
2026-05-04T08:26:08.804Z,Shakira,US-Latin,YouTube Music,Pop,US-UMG-SH-1335,10527,87,8422,205.84,UNCAPTURED_VIRALITY
2026-05-08T07:03:24.828Z,Bad Bunny,Brazil,Spotify,Reggaeton,US-UMG-BA-1336,34819,13,27855,118.83,SUPPLY_CHAIN_ACCELERATION
2026-05-06T12:29:31.689Z,Rosalía,US-Latin,TIDAL,Pop,US-UMG-RO-1337,94389,354,75511,83.05,STEADY_STATE
2026-05-02T17:20:03.229Z,J Balvin,Mexico,Apple Music,Reggaeton,US-UMG-J -1338,50604,90,40483,29.69,STEADY_STATE
2026-04-24T00:52:28.852Z,Karol G,Argentina,TIDAL,Urbano,US-UMG-KA-1339,15896,292,12717,-12.23,FINANCIAL_STOP_LOSS
2026-05-05T10:36:51.557Z,Rauw Alejandro,US-Latin,Amazon Music,Urbano,US-UMG-RA-1340,94384,167,75507,216.43,UNCAPTURED_VIRALITY
2026-04-21T09:31:46.339Z,Anitta,US-Latin,Amazon Music,Pop,US-UMG-AN-1341,91836,80,73469,177.63,UNCAPTURED_VIRALITY
2026-05-09T02:30:23.784Z,Peso Pluma,Argentina,Apple Music,Musica Mexicana,US-UMG-PE-1342,90719,392,72575,233.55,UNCAPTURED_VIRALITY
2026-04-21T20:39:53.754Z,Shakira,Argentina,YouTube Music,Pop,US-UMG-SH-1343,22686,218,18149,-35.27,FINANCIAL_STOP_LOSS
2026-04-17T01:26:44.867Z,Bad Bunny,Spain,TIDAL,Reggaeton,US-UMG-BA-1344,24470,56,19576,154.9,UNCAPTURED_VIRALITY
2026-04-20T13:45:55.042Z,Rosalía,Brazil,Amazon Music,Pop,US-UMG-RO-1345,2532,50,2026,63.33,STEADY_STATE
2026-05-13T15:55:17.023Z,J Balvin,Argentina,Spotify,Reggaeton,US-UMG-J -1346,92548,18,74038,-7.54,FINANCIAL_STOP_LOSS
2026-05-02T10:27:31.492Z,Karol G,Brazil,Amazon Music,Urbano,US-UMG-KA-1347,48305,368,38644,233.04,UNCAPTURED_VIRALITY
2026-05-11T11:39:56.890Z,Rauw Alejandro,Mexico,TIDAL,Urbano,US-UMG-RA-1348,29044,235,23235,12.27,STEADY_STATE
2026-05-07T07:17:34.501Z,Anitta,Spain,Apple Music,Pop,US-UMG-AN-1349,84107,155,67286,13.44,STEADY_STATE
2026-05-01T04:02:41.999Z,Peso Pluma,Spain,Apple Music,Musica Mexicana,US-UMG-PE-1350,70704,279,56563,212.87,UNCAPTURED_VIRALITY
2026-05-06T10:45:08.530Z,Shakira,Brazil,YouTube Music,Pop,US-UMG-SH-1351,57132,415,45706,26.89,STEADY_STATE
2026-05-04T16:32:50.354Z,Bad Bunny,US-Latin,YouTube Music,Reggaeton,US-UMG-BA-1352,70813,204,56650,207.02,UNCAPTURED_VIRALITY
2026-04-29T15:51:15.031Z,Rosalía,Mexico,Spotify,Pop,US-UMG-RO-1353,72868,94,58294,36.1,STEADY_STATE
2026-05-05T20:43:01.601Z,J Balvin,Mexico,TIDAL,Reggaeton,US-UMG-J -1354,93289,429,74631,109.79,SUPPLY_CHAIN_ACCELERATION
2026-05-15T03:09:23.269Z,Karol G,Brazil,Spotify,Urbano,US-UMG-KA-1355,100887,512,80710,48.89,STEADY_STATE
2026-05-05T23:53:54.774Z,Rauw Alejandro,Mexico,YouTube Music,Urbano,US-UMG-RA-1356,5996,476,4797,234.67,UNCAPTURED_VIRALITY
2026-04-20T03:10:10.238Z,Anitta,Brazil,Spotify,Pop,US-UMG-AN-1357,87243,150,69794,-2.32,FINANCIAL_STOP_LOSS
2026-04-25T04:38:41.877Z,Peso Pluma,Argentina,Amazon Music,Musica Mexicana,US-UMG-PE-1358,96568,401,77254,81.26,STEADY_STATE
2026-05-06T22:52:07.740Z,Shakira,Argentina,Apple Music,Pop,US-UMG-SH-1359,7842,99,6274,-16.41,FINANCIAL_STOP_LOSS
2026-05-06T14:56:01.018Z,Bad Bunny,Brazil,YouTube Music,Reggaeton,US-UMG-BA-1360,95838,335,76670,-23.84,FINANCIAL_STOP_LOSS
2026-04-24T23:10:08.807Z,Rosalía,Brazil,TIDAL,Pop,US-UMG-RO-1361,34548,228,27638,-47.27,FINANCIAL_STOP_LOSS
2026-04-29T01:11:07.124Z,J Balvin,Spain,Amazon Music,Reggaeton,US-UMG-J -1362,11992,489,9594,-0.88,FINANCIAL_STOP_LOSS
2026-05-01T21:21:05.404Z,Karol G,Spain,Apple Music,Urbano,US-UMG-KA-1363,81350,316,65080,154.95,UNCAPTURED_VIRALITY
2026-04-21T23:29:10.339Z,Rauw Alejandro,Spain,Apple Music,Urbano,US-UMG-RA-1364,64223,362,51378,132.38,SUPPLY_CHAIN_ACCELERATION
2026-05-07T05:03:34.794Z,Anitta,Brazil,Spotify,Pop,US-UMG-AN-1365,60926,74,48741,118,SUPPLY_CHAIN_ACCELERATION
2026-04-22T05:17:22.738Z,Peso Pluma,Brazil,Apple Music,Musica Mexicana,US-UMG-PE-1366,56889,483,45511,-19.8,FINANCIAL_STOP_LOSS
2026-04-16T22:45:02.748Z,Shakira,Mexico,TIDAL,Pop,US-UMG-SH-1367,12793,201,10234,27.64,STEADY_STATE
2026-04-27T06:39:00.328Z,Bad Bunny,Mexico,Apple Music,Reggaeton,US-UMG-BA-1368,91065,108,72852,43.98,STEADY_STATE
2026-04-23T03:12:02.491Z,Rosalía,Spain,Spotify,Pop,US-UMG-RO-1369,35294,339,28235,218.12,UNCAPTURED_VIRALITY
2026-04-25T18:30:23.906Z,J Balvin,Brazil,Apple Music,Reggaeton,US-UMG-J -1370,94390,442,75512,-10.74,FINANCIAL_STOP_LOSS
2026-04-25T04:41:25.025Z,Karol G,Argentina,Amazon Music,Urbano,US-UMG-KA-1371,78735,483,62988,150.24,UNCAPTURED_VIRALITY
2026-04-18T04:58:49.213Z,Rauw Alejandro,US-Latin,Amazon Music,Urbano,US-UMG-RA-1372,27915,519,22332,215.57,UNCAPTURED_VIRALITY
2026-04-22T08:03:45.314Z,Anitta,Brazil,TIDAL,Pop,US-UMG-AN-1373,36395,412,29116,7.97,STEADY_STATE
2026-04-19T05:05:56.389Z,Peso Pluma,Mexico,TIDAL,Musica Mexicana,US-UMG-PE-1374,98901,178,79121,197.77,UNCAPTURED_VIRALITY
2026-04-21T13:25:59.637Z,Shakira,Brazil,Amazon Music,Pop,US-UMG-SH-1375,23706,411,18965,217.28,UNCAPTURED_VIRALITY
2026-04-17T20:53:36.364Z,Bad Bunny,Spain,YouTube Music,Reggaeton,US-UMG-BA-1376,44963,476,35970,213.68,UNCAPTURED_VIRALITY
2026-05-10T01:29:03.026Z,Rosalía,Mexico,TIDAL,Pop,US-UMG-RO-1377,5814,280,4651,68.75,STEADY_STATE
2026-04-27T04:40:06.819Z,J Balvin,Brazil,TIDAL,Reggaeton,US-UMG-J -1378,98960,24,79168,87.26,STEADY_STATE
2026-04-20T02:11:57.217Z,Karol G,Mexico,Spotify,Urbano,US-UMG-KA-1379,40621,386,32497,80.13,STEADY_STATE
2026-05-12T07:13:41.489Z,Rauw Alejandro,US-Latin,Apple Music,Urbano,US-UMG-RA-1380,6211,350,4969,-34.9,FINANCIAL_STOP_LOSS
2026-05-11T15:49:03.464Z,Anitta,US-Latin,Apple Music,Pop,US-UMG-AN-1381,15371,52,12297,-46.83,FINANCIAL_STOP_LOSS
2026-05-04T08:23:47.419Z,Peso Pluma,Brazil,Apple Music,Musica Mexicana,US-UMG-PE-1382,53594,390,42875,152.69,UNCAPTURED_VIRALITY
2026-04-25T00:59:59.344Z,Shakira,US-Latin,Spotify,Pop,US-UMG-SH-1383,50794,125,40635,40.33,STEADY_STATE
2026-05-12T06:50:38.650Z,Bad Bunny,Brazil,Spotify,Reggaeton,US-UMG-BA-1384,23007,2,18406,82.39,STEADY_STATE
2026-04-17T03:38:34.407Z,Rosalía,Mexico,Apple Music,Pop,US-UMG-RO-1385,23663,271,18930,136.23,SUPPLY_CHAIN_ACCELERATION
2026-04-30T08:02:05.004Z,J Balvin,Argentina,TIDAL,Reggaeton,US-UMG-J -1386,42258,415,33806,113.24,SUPPLY_CHAIN_ACCELERATION
2026-04-25T10:48:52.224Z,Karol G,Mexico,TIDAL,Urbano,US-UMG-KA-1387,37881,268,30305,166.09,UNCAPTURED_VIRALITY
2026-05-07T07:53:54.911Z,Rauw Alejandro,Mexico,YouTube Music,Urbano,US-UMG-RA-1388,50201,442,40161,217.54,UNCAPTURED_VIRALITY
2026-04-25T15:05:05.311Z,Anitta,US-Latin,Spotify,Pop,US-UMG-AN-1389,45012,192,36010,234.84,UNCAPTURED_VIRALITY
2026-05-14T19:07:51.411Z,Peso Pluma,Spain,Apple Music,Musica Mexicana,US-UMG-PE-1390,24896,352,19917,-11.82,FINANCIAL_STOP_LOSS
2026-05-10T09:20:02.739Z,Shakira,Spain,YouTube Music,Pop,US-UMG-SH-1391,25501,140,20401,-49.95,FINANCIAL_STOP_LOSS
2026-05-04T09:09:41.940Z,Bad Bunny,Spain,YouTube Music,Reggaeton,US-UMG-BA-1392,10437,65,8350,225.13,UNCAPTURED_VIRALITY
2026-04-24T06:40:12.915Z,Rosalía,Brazil,Apple Music,Pop,US-UMG-RO-1393,96624,139,77299,149.66,SUPPLY_CHAIN_ACCELERATION
2026-04-25T00:59:26.518Z,J Balvin,Argentina,TIDAL,Reggaeton,US-UMG-J -1394,65019,101,52015,33.59,STEADY_STATE
2026-05-12T21:05:04.043Z,Karol G,Spain,Amazon Music,Urbano,US-UMG-KA-1395,12030,389,9624,81.46,STEADY_STATE
2026-05-11T18:11:04.950Z,Rauw Alejandro,US-Latin,TIDAL,Urbano,US-UMG-RA-1396,87059,55,69647,179.02,UNCAPTURED_VIRALITY
2026-05-12T19:11:14.183Z,Anitta,Spain,Spotify,Pop,US-UMG-AN-1397,75899,488,60719,7.58,STEADY_STATE
2026-05-09T11:31:53.330Z,Peso Pluma,Brazil,YouTube Music,Musica Mexicana,US-UMG-PE-1398,48055,425,38444,224.05,UNCAPTURED_VIRALITY
2026-04-23T04:43:55.186Z,Shakira,Mexico,Amazon Music,Pop,US-UMG-SH-1399,2681,395,2145,71.13,STEADY_STATE
2026-05-03T11:38:04.952Z,Bad Bunny,Argentina,TIDAL,Reggaeton,US-UMG-BA-1400,1471,191,1177,77.43,STEADY_STATE
2026-05-14T12:28:32.553Z,Rosalía,Brazil,Apple Music,Pop,US-UMG-RO-1401,42358,520,33886,241.18,UNCAPTURED_VIRALITY
2026-04-18T08:20:51.337Z,J Balvin,Mexico,Apple Music,Reggaeton,US-UMG-J -1402,22766,227,18213,-7.3,FINANCIAL_STOP_LOSS
2026-05-07T13:34:32.456Z,Karol G,US-Latin,YouTube Music,Urbano,US-UMG-KA-1403,27954,333,22363,186.01,UNCAPTURED_VIRALITY
2026-05-09T19:02:08.447Z,Rauw Alejandro,Spain,Apple Music,Urbano,US-UMG-RA-1404,44227,237,35382,184.77,UNCAPTURED_VIRALITY
2026-04-23T10:10:49.599Z,Anitta,Argentina,Apple Music,Pop,US-UMG-AN-1405,53354,358,42683,112.98,SUPPLY_CHAIN_ACCELERATION
2026-04-27T04:31:33.330Z,Peso Pluma,Spain,Apple Music,Musica Mexicana,US-UMG-PE-1406,62460,196,49968,161.25,UNCAPTURED_VIRALITY
2026-04-29T23:57:20.626Z,Shakira,Spain,Amazon Music,Pop,US-UMG-SH-1407,79747,452,63798,121.17,SUPPLY_CHAIN_ACCELERATION
2026-05-06T22:13:43.527Z,Bad Bunny,Mexico,Amazon Music,Reggaeton,US-UMG-BA-1408,45041,19,36033,-21.38,FINANCIAL_STOP_LOSS
2026-05-16T01:28:49.757Z,Rosalía,US-Latin,Amazon Music,Pop,US-UMG-RO-1409,81138,26,64910,118.85,SUPPLY_CHAIN_ACCELERATION
2026-04-20T10:26:29.454Z,J Balvin,Brazil,Spotify,Reggaeton,US-UMG-J -1410,62945,153,50356,52.63,STEADY_STATE
2026-04-21T02:57:21.950Z,Karol G,Brazil,TIDAL,Urbano,US-UMG-KA-1411,77371,270,61897,225.55,UNCAPTURED_VIRALITY
2026-05-03T02:01:30.095Z,Rauw Alejandro,Argentina,Amazon Music,Urbano,US-UMG-RA-1412,24418,119,19534,226.4,UNCAPTURED_VIRALITY
2026-05-08T13:34:06.074Z,Anitta,Brazil,Spotify,Pop,US-UMG-AN-1413,54375,311,43500,93.42,STEADY_STATE
2026-05-01T10:51:14.997Z,Peso Pluma,Argentina,YouTube Music,Musica Mexicana,US-UMG-PE-1414,9580,489,7664,89.89,STEADY_STATE
2026-05-15T06:21:38.172Z,Shakira,Brazil,Spotify,Pop,US-UMG-SH-1415,50287,106,40230,-26,FINANCIAL_STOP_LOSS
2026-04-28T22:04:35.259Z,Bad Bunny,Mexico,TIDAL,Reggaeton,US-UMG-BA-1416,21219,94,16975,223.94,UNCAPTURED_VIRALITY
2026-04-25T04:08:54.220Z,Rosalía,Brazil,TIDAL,Pop,US-UMG-RO-1417,78506,1,62805,62.15,STEADY_STATE
2026-04-24T13:35:26.818Z,J Balvin,Brazil,YouTube Music,Reggaeton,US-UMG-J -1418,65728,160,52582,1.74,STEADY_STATE
2026-04-20T02:49:03.723Z,Karol G,Spain,Spotify,Urbano,US-UMG-KA-1419,79736,152,63789,16.61,STEADY_STATE
2026-05-11T21:40:43.689Z,Rauw Alejandro,Brazil,YouTube Music,Urbano,US-UMG-RA-1420,79104,263,63283,229.66,UNCAPTURED_VIRALITY
2026-04-24T15:47:34.376Z,Anitta,Spain,Spotify,Pop,US-UMG-AN-1421,7963,430,6370,32.83,STEADY_STATE
2026-05-15T19:29:11.061Z,Peso Pluma,US-Latin,Spotify,Musica Mexicana,US-UMG-PE-1422,28571,71,22857,79.06,STEADY_STATE
2026-04-16T21:56:01.104Z,Shakira,Mexico,TIDAL,Pop,US-UMG-SH-1423,76572,144,61258,68.94,STEADY_STATE
2026-05-13T05:58:26.306Z,Bad Bunny,Spain,Spotify,Reggaeton,US-UMG-BA-1424,68734,109,54987,226.07,UNCAPTURED_VIRALITY
2026-04-25T00:27:04.784Z,Rosalía,Brazil,Spotify,Pop,US-UMG-RO-1425,17724,381,14179,205.99,UNCAPTURED_VIRALITY
2026-04-21T00:40:46.891Z,J Balvin,Spain,YouTube Music,Reggaeton,US-UMG-J -1426,12553,441,10042,-5.62,FINANCIAL_STOP_LOSS
2026-05-04T04:17:24.374Z,Karol G,Brazil,Amazon Music,Urbano,US-UMG-KA-1427,31048,136,24838,215.72,UNCAPTURED_VIRALITY
2026-05-05T01:24:48.163Z,Rauw Alejandro,US-Latin,TIDAL,Urbano,US-UMG-RA-1428,98168,177,78534,229.23,UNCAPTURED_VIRALITY
2026-04-23T17:14:08.581Z,Anitta,Argentina,Spotify,Pop,US-UMG-AN-1429,4265,34,3412,226.16,UNCAPTURED_VIRALITY
2026-05-13T23:10:09.961Z,Peso Pluma,Mexico,YouTube Music,Musica Mexicana,US-UMG-PE-1430,36283,372,29026,160.82,UNCAPTURED_VIRALITY
2026-04-28T03:41:28.633Z,Shakira,Brazil,TIDAL,Pop,US-UMG-SH-1431,79731,501,63785,192.47,UNCAPTURED_VIRALITY
2026-04-21T23:21:40.432Z,Bad Bunny,Brazil,Apple Music,Reggaeton,US-UMG-BA-1432,51238,353,40990,212.14,UNCAPTURED_VIRALITY
2026-05-04T18:42:21.023Z,Rosalía,Argentina,TIDAL,Pop,US-UMG-RO-1433,35900,270,28720,207.73,UNCAPTURED_VIRALITY
2026-04-28T23:41:59.501Z,J Balvin,US-Latin,TIDAL,Reggaeton,US-UMG-J -1434,89383,119,71506,63.54,STEADY_STATE
2026-04-28T10:16:49.878Z,Karol G,US-Latin,YouTube Music,Urbano,US-UMG-KA-1435,59959,228,47967,181.44,UNCAPTURED_VIRALITY
2026-05-02T03:23:35.974Z,Rauw Alejandro,Spain,TIDAL,Urbano,US-UMG-RA-1436,18476,505,14781,54.71,STEADY_STATE
2026-05-09T01:43:20.221Z,Anitta,Spain,Spotify,Pop,US-UMG-AN-1437,27468,78,21974,159.94,UNCAPTURED_VIRALITY
2026-05-05T06:33:46.988Z,Peso Pluma,US-Latin,TIDAL,Musica Mexicana,US-UMG-PE-1438,59341,387,47473,-42.39,FINANCIAL_STOP_LOSS
2026-05-04T20:03:03.582Z,Shakira,US-Latin,Apple Music,Pop,US-UMG-SH-1439,78785,477,63028,-33.32,FINANCIAL_STOP_LOSS
2026-04-18T11:55:41.732Z,Bad Bunny,Mexico,Amazon Music,Reggaeton,US-UMG-BA-1440,61360,117,49088,37.08,STEADY_STATE
2026-04-25T23:32:32.045Z,Rosalía,Brazil,Apple Music,Pop,US-UMG-RO-1441,92186,259,73749,99.63,STEADY_STATE
2026-05-07T13:31:59.500Z,J Balvin,Argentina,Spotify,Reggaeton,US-UMG-J -1442,44824,293,35859,-24.66,FINANCIAL_STOP_LOSS
2026-05-06T18:00:00.220Z,Karol G,Argentina,YouTube Music,Urbano,US-UMG-KA-1443,26589,188,21271,249.77,UNCAPTURED_VIRALITY
2026-05-09T20:02:36.992Z,Rauw Alejandro,Mexico,Amazon Music,Urbano,US-UMG-RA-1444,94166,26,75333,170.71,UNCAPTURED_VIRALITY
2026-04-28T01:20:32.798Z,Anitta,Brazil,TIDAL,Pop,US-UMG-AN-1445,10122,464,8098,195.53,UNCAPTURED_VIRALITY
2026-05-03T07:41:01.495Z,Peso Pluma,Argentina,TIDAL,Musica Mexicana,US-UMG-PE-1446,76591,149,61273,71.11,STEADY_STATE
2026-04-30T16:01:33.557Z,Shakira,Argentina,TIDAL,Pop,US-UMG-SH-1447,45932,135,36746,74.97,STEADY_STATE
2026-04-27T13:57:00.673Z,Bad Bunny,US-Latin,Amazon Music,Reggaeton,US-UMG-BA-1448,48820,50,39056,11.99,STEADY_STATE
2026-04-20T19:19:51.066Z,Rosalía,Brazil,Amazon Music,Pop,US-UMG-RO-1449,10686,502,8549,59.96,STEADY_STATE
2026-05-14T13:18:42.483Z,J Balvin,US-Latin,YouTube Music,Reggaeton,US-UMG-J -1450,84281,378,67425,-47.59,FINANCIAL_STOP_LOSS
2026-04-22T23:24:48.011Z,Karol G,Spain,Spotify,Urbano,US-UMG-KA-1451,50310,160,40248,32.44,STEADY_STATE
2026-04-20T14:20:39.427Z,Rauw Alejandro,Argentina,Amazon Music,Urbano,US-UMG-RA-1452,95320,297,76256,142.26,SUPPLY_CHAIN_ACCELERATION
2026-04-28T03:21:17.010Z,Anitta,Spain,Apple Music,Pop,US-UMG-AN-1453,63727,164,50982,90.67,STEADY_STATE
2026-05-03T19:56:20.782Z,Peso Pluma,Argentina,Spotify,Musica Mexicana,US-UMG-PE-1454,86112,270,68890,191.69,UNCAPTURED_VIRALITY
2026-05-14T17:42:22.706Z,Shakira,Argentina,Spotify,Pop,US-UMG-SH-1455,71079,132,56863,54.4,STEADY_STATE
2026-05-01T04:55:24.271Z,Bad Bunny,Brazil,TIDAL,Reggaeton,US-UMG-BA-1456,47016,51,37613,249.79,UNCAPTURED_VIRALITY
2026-05-08T20:59:13.866Z,Rosalía,US-Latin,TIDAL,Pop,US-UMG-RO-1457,3622,240,2898,103.65,SUPPLY_CHAIN_ACCELERATION
2026-04-24T15:31:36.884Z,J Balvin,Spain,YouTube Music,Reggaeton,US-UMG-J -1458,43014,150,34411,60.71,STEADY_STATE
2026-04-16T21:07:48.578Z,Karol G,Mexico,Spotify,Urbano,US-UMG-KA-1459,20142,156,16114,110.55,SUPPLY_CHAIN_ACCELERATION
2026-04-28T07:17:13.384Z,Rauw Alejandro,Spain,Spotify,Urbano,US-UMG-RA-1460,56724,43,45379,91.28,STEADY_STATE
2026-05-14T15:32:39.334Z,Anitta,Spain,Apple Music,Pop,US-UMG-AN-1461,66760,465,53408,50.79,STEADY_STATE
2026-05-15T15:08:34.933Z,Peso Pluma,US-Latin,TIDAL,Musica Mexicana,US-UMG-PE-1462,8812,360,7050,214.06,UNCAPTURED_VIRALITY
2026-04-30T22:04:04.025Z,Shakira,Argentina,TIDAL,Pop,US-UMG-SH-1463,46799,70,37439,12.57,STEADY_STATE
2026-05-15T15:14:25.527Z,Bad Bunny,US-Latin,Apple Music,Reggaeton,US-UMG-BA-1464,28203,77,22562,8.07,STEADY_STATE
2026-04-30T15:48:28.721Z,Rosalía,Argentina,TIDAL,Pop,US-UMG-RO-1465,40978,82,32782,242.88,UNCAPTURED_VIRALITY
2026-05-02T15:40:16.400Z,J Balvin,Argentina,Spotify,Reggaeton,US-UMG-J -1466,71212,131,56970,29.51,STEADY_STATE
2026-05-13T23:48:02.941Z,Karol G,Argentina,TIDAL,Urbano,US-UMG-KA-1467,53952,441,43162,-34.85,FINANCIAL_STOP_LOSS
2026-04-26T07:15:43.259Z,Rauw Alejandro,Mexico,Apple Music,Urbano,US-UMG-RA-1468,54808,368,43846,70.29,STEADY_STATE
2026-05-01T02:23:44.038Z,Anitta,US-Latin,TIDAL,Pop,US-UMG-AN-1469,66578,512,53262,235.93,UNCAPTURED_VIRALITY
2026-05-14T02:21:22.777Z,Peso Pluma,Argentina,TIDAL,Musica Mexicana,US-UMG-PE-1470,87742,375,70194,-2.62,FINANCIAL_STOP_LOSS
2026-04-23T04:54:06.923Z,Shakira,Spain,Apple Music,Pop,US-UMG-SH-1471,76502,101,61202,64.36,STEADY_STATE
2026-05-12T16:20:23.232Z,Bad Bunny,Argentina,Spotify,Reggaeton,US-UMG-BA-1472,93578,290,74862,22.89,STEADY_STATE
2026-04-20T15:50:02.099Z,Rosalía,Spain,Apple Music,Pop,US-UMG-RO-1473,34085,268,27268,93.6,STEADY_STATE
2026-04-29T09:55:12.342Z,J Balvin,US-Latin,YouTube Music,Reggaeton,US-UMG-J -1474,92841,279,74273,240.21,UNCAPTURED_VIRALITY
2026-04-25T17:50:13.118Z,Karol G,Spain,TIDAL,Urbano,US-UMG-KA-1475,23065,480,18452,214.83,UNCAPTURED_VIRALITY
2026-05-01T04:45:16.787Z,Rauw Alejandro,US-Latin,Amazon Music,Urbano,US-UMG-RA-1476,72425,500,57940,142.41,SUPPLY_CHAIN_ACCELERATION
2026-04-29T06:26:58.634Z,Anitta,Brazil,Amazon Music,Pop,US-UMG-AN-1477,11909,152,9527,24.19,STEADY_STATE
2026-05-01T05:03:59.778Z,Peso Pluma,Brazil,Apple Music,Musica Mexicana,US-UMG-PE-1478,42616,80,34093,-32.31,FINANCIAL_STOP_LOSS
2026-04-24T01:23:45.794Z,Shakira,Argentina,TIDAL,Pop,US-UMG-SH-1479,49598,454,39678,51.24,STEADY_STATE
2026-05-02T17:07:12.449Z,Bad Bunny,US-Latin,Amazon Music,Reggaeton,US-UMG-BA-1480,89233,252,71386,217.49,UNCAPTURED_VIRALITY
2026-05-15T19:03:15.197Z,Rosalía,Argentina,TIDAL,Pop,US-UMG-RO-1481,64747,147,51798,-39.22,FINANCIAL_STOP_LOSS
2026-04-28T02:25:36.637Z,J Balvin,Mexico,Apple Music,Reggaeton,US-UMG-J -1482,18735,190,14988,-17.52,FINANCIAL_STOP_LOSS
2026-04-25T20:00:56.831Z,Karol G,Argentina,TIDAL,Urbano,US-UMG-KA-1483,77830,300,62264,23.12,STEADY_STATE
2026-04-17T15:48:13.761Z,Rauw Alejandro,Mexico,Spotify,Urbano,US-UMG-RA-1484,62268,448,49814,67.89,STEADY_STATE
2026-04-27T12:02:49.804Z,Anitta,Mexico,TIDAL,Pop,US-UMG-AN-1485,66754,210,53403,121.65,SUPPLY_CHAIN_ACCELERATION
2026-04-25T14:40:41.987Z,Peso Pluma,Argentina,Amazon Music,Musica Mexicana,US-UMG-PE-1486,57004,430,45603,125.71,SUPPLY_CHAIN_ACCELERATION
2026-05-16T14:10:32.852Z,Shakira,Mexico,TIDAL,Pop,US-UMG-SH-1487,69685,353,55748,176.2,UNCAPTURED_VIRALITY
2026-04-23T19:52:08.271Z,Bad Bunny,Argentina,YouTube Music,Reggaeton,US-UMG-BA-1488,33879,243,27103,5.15,STEADY_STATE
2026-04-22T14:23:59.638Z,Rosalía,Argentina,Apple Music,Pop,US-UMG-RO-1489,27778,248,22222,203,UNCAPTURED_VIRALITY
2026-04-25T13:45:06.343Z,J Balvin,Brazil,Spotify,Reggaeton,US-UMG-J -1490,16101,434,12881,244.42,UNCAPTURED_VIRALITY
2026-05-10T03:40:23.044Z,Karol G,Brazil,Amazon Music,Urbano,US-UMG-KA-1491,86050,271,68840,71.69,STEADY_STATE
2026-05-01T07:31:16.267Z,Rauw Alejandro,Argentina,Amazon Music,Urbano,US-UMG-RA-1492,5086,191,4069,174.58,UNCAPTURED_VIRALITY
2026-05-02T01:35:07.724Z,Anitta,US-Latin,Spotify,Pop,US-UMG-AN-1493,44635,505,35708,-19.97,FINANCIAL_STOP_LOSS
2026-04-19T10:59:49.173Z,Peso Pluma,Mexico,YouTube Music,Musica Mexicana,US-UMG-PE-1494,84888,201,67910,106.3,SUPPLY_CHAIN_ACCELERATION
2026-05-10T17:29:30.098Z,Shakira,US-Latin,Apple Music,Pop,US-UMG-SH-1495,29993,437,23994,110.19,SUPPLY_CHAIN_ACCELERATION
2026-04-22T19:58:56.033Z,Bad Bunny,Brazil,Apple Music,Reggaeton,US-UMG-BA-1496,67196,387,53757,-12.23,FINANCIAL_STOP_LOSS
2026-04-28T02:47:43.181Z,Rosalía,Brazil,Amazon Music,Pop,US-UMG-RO-1497,57021,268,45617,75.86,STEADY_STATE
2026-04-20T10:45:40.378Z,J Balvin,Brazil,TIDAL,Reggaeton,US-UMG-J -1498,83005,15,66404,-23.21,FINANCIAL_STOP_LOSS
2026-05-12T17:57:07.964Z,Karol G,Argentina,Amazon Music,Urbano,US-UMG-KA-1499,5113,397,4090,60.32,STEADY_STATE
2026-05-11T01:01:05.988Z,Rauw Alejandro,Argentina,Apple Music,Urbano,US-UMG-RA-1500,48482,318,38786,-35.87,FINANCIAL_STOP_LOSS
2026-04-20T00:04:19.975Z,Anitta,US-Latin,YouTube Music,Pop,US-UMG-AN-1501,76939,177,61551,214.25,UNCAPTURED_VIRALITY
2026-04-28T23:14:13.851Z,Peso Pluma,Argentina,Amazon Music,Musica Mexicana,US-UMG-PE-1502,74621,45,59697,65.74,STEADY_STATE
2026-04-23T06:01:34.691Z,Shakira,Mexico,TIDAL,Pop,US-UMG-SH-1503,50327,404,40262,208.65,UNCAPTURED_VIRALITY
2026-05-16T05:47:36.113Z,Bad Bunny,Mexico,Spotify,Reggaeton,US-UMG-BA-1504,8317,36,6654,8.77,STEADY_STATE
2026-05-10T01:27:15.542Z,Rosalía,Brazil,Amazon Music,Pop,US-UMG-RO-1505,40528,401,32422,249.31,UNCAPTURED_VIRALITY
2026-04-26T10:21:58.478Z,J Balvin,US-Latin,Amazon Music,Reggaeton,US-UMG-J -1506,54295,433,43436,65.63,STEADY_STATE
2026-05-06T08:13:51.211Z,Karol G,Mexico,Amazon Music,Urbano,US-UMG-KA-1507,38093,61,30474,83.58,STEADY_STATE
2026-05-01T14:34:40.171Z,Rauw Alejandro,Spain,YouTube Music,Urbano,US-UMG-RA-1508,27715,424,22172,173.22,UNCAPTURED_VIRALITY
2026-05-13T12:46:51.850Z,Anitta,Mexico,Apple Music,Pop,US-UMG-AN-1509,48454,487,38763,79.35,STEADY_STATE
2026-04-25T18:21:03.715Z,Peso Pluma,Argentina,YouTube Music,Musica Mexicana,US-UMG-PE-1510,94179,119,75343,62.23,STEADY_STATE
2026-05-02T21:45:50.137Z,Shakira,Spain,TIDAL,Pop,US-UMG-SH-1511,59650,245,47720,247.44,UNCAPTURED_VIRALITY
2026-04-30T03:19:55.226Z,Bad Bunny,Brazil,YouTube Music,Reggaeton,US-UMG-BA-1512,6217,73,4974,243.58,UNCAPTURED_VIRALITY
2026-04-28T14:48:30.724Z,Rosalía,US-Latin,Spotify,Pop,US-UMG-RO-1513,50624,432,40499,67.83,STEADY_STATE
2026-04-27T14:08:24.150Z,J Balvin,Spain,TIDAL,Reggaeton,US-UMG-J -1514,64128,14,51302,200.11,UNCAPTURED_VIRALITY
2026-05-04T11:31:39.284Z,Karol G,Brazil,TIDAL,Urbano,US-UMG-KA-1515,25812,63,20650,78.12,STEADY_STATE
2026-05-09T16:12:09.837Z,Rauw Alejandro,Argentina,Amazon Music,Urbano,US-UMG-RA-1516,11167,392,8934,-39.26,FINANCIAL_STOP_LOSS
2026-05-11T20:27:34.365Z,Anitta,Argentina,TIDAL,Pop,US-UMG-AN-1517,59128,39,47302,-35.37,FINANCIAL_STOP_LOSS
2026-05-12T18:23:34.544Z,Peso Pluma,Brazil,Apple Music,Musica Mexicana,US-UMG-PE-1518,51738,470,41390,224.91,UNCAPTURED_VIRALITY
2026-04-28T23:46:24.967Z,Shakira,Brazil,Apple Music,Pop,US-UMG-SH-1519,93468,25,74774,200.39,UNCAPTURED_VIRALITY
2026-05-08T03:25:21.971Z,Bad Bunny,Mexico,TIDAL,Reggaeton,US-UMG-BA-1520,57433,493,45946,132.5,SUPPLY_CHAIN_ACCELERATION
2026-05-06T01:29:42.717Z,Rosalía,Spain,Amazon Music,Pop,US-UMG-RO-1521,25163,199,20130,0.36,STEADY_STATE
2026-04-26T13:20:00.187Z,J Balvin,Argentina,TIDAL,Reggaeton,US-UMG-J -1522,18185,156,14548,248.6,UNCAPTURED_VIRALITY
2026-05-15T21:17:01.558Z,Karol G,US-Latin,Apple Music,Urbano,US-UMG-KA-1523,4388,391,3510,170.09,UNCAPTURED_VIRALITY
2026-04-22T20:05:14.624Z,Rauw Alejandro,Brazil,YouTube Music,Urbano,US-UMG-RA-1524,64933,113,51946,110.66,SUPPLY_CHAIN_ACCELERATION
2026-04-18T20:47:49.135Z,Anitta,Mexico,Apple Music,Pop,US-UMG-AN-1525,34155,333,27324,21.95,STEADY_STATE
2026-05-12T21:49:31.845Z,Peso Pluma,US-Latin,Apple Music,Musica Mexicana,US-UMG-PE-1526,10365,356,8292,187.35,UNCAPTURED_VIRALITY
2026-05-10T21:21:19.461Z,Shakira,Argentina,Spotify,Pop,US-UMG-SH-1527,48184,329,38547,-23.37,FINANCIAL_STOP_LOSS
2026-05-12T16:11:21.411Z,Bad Bunny,Mexico,Apple Music,Reggaeton,US-UMG-BA-1528,96382,473,77106,208.72,UNCAPTURED_VIRALITY
2026-04-26T09:43:45.280Z,Rosalía,Argentina,Apple Music,Pop,US-UMG-RO-1529,60683,329,48546,96.05,STEADY_STATE
2026-05-05T03:15:34.852Z,J Balvin,Mexico,YouTube Music,Reggaeton,US-UMG-J -1530,84811,38,67849,146.76,SUPPLY_CHAIN_ACCELERATION
2026-04-19T15:52:34.051Z,Karol G,Spain,Amazon Music,Urbano,US-UMG-KA-1531,85572,406,68458,-45.16,FINANCIAL_STOP_LOSS
2026-04-24T21:05:38.686Z,Rauw Alejandro,Brazil,TIDAL,Urbano,US-UMG-RA-1532,42420,269,33936,21.08,STEADY_STATE
2026-04-23T21:10:51.414Z,Anitta,Argentina,YouTube Music,Pop,US-UMG-AN-1533,97864,236,78291,75.01,STEADY_STATE
2026-05-10T11:04:47.769Z,Peso Pluma,Mexico,YouTube Music,Musica Mexicana,US-UMG-PE-1534,53769,125,43015,55.34,STEADY_STATE
2026-04-26T16:23:22.827Z,Shakira,Mexico,Apple Music,Pop,US-UMG-SH-1535,6511,166,5209,212.12,UNCAPTURED_VIRALITY
2026-04-19T18:11:33.113Z,Bad Bunny,Brazil,Spotify,Reggaeton,US-UMG-BA-1536,27728,100,22182,151.73,UNCAPTURED_VIRALITY
2026-04-17T23:55:48.383Z,Rosalía,Argentina,TIDAL,Pop,US-UMG-RO-1537,30089,91,24071,40.75,STEADY_STATE
2026-05-04T21:40:11.366Z,J Balvin,Argentina,TIDAL,Reggaeton,US-UMG-J -1538,92122,276,73698,-35.16,FINANCIAL_STOP_LOSS
2026-04-20T06:39:26.610Z,Karol G,US-Latin,Apple Music,Urbano,US-UMG-KA-1539,35703,255,28562,171.27,UNCAPTURED_VIRALITY
2026-04-17T18:37:15.347Z,Rauw Alejandro,Mexico,Amazon Music,Urbano,US-UMG-RA-1540,48926,185,39141,39.99,STEADY_STATE
2026-04-25T18:36:20.148Z,Anitta,US-Latin,Spotify,Pop,US-UMG-AN-1541,43053,216,34442,141.51,SUPPLY_CHAIN_ACCELERATION
2026-05-10T10:35:17.450Z,Peso Pluma,Mexico,Apple Music,Musica Mexicana,US-UMG-PE-1542,31355,284,25084,5.98,STEADY_STATE
2026-04-23T11:40:06.476Z,Shakira,Mexico,Spotify,Pop,US-UMG-SH-1543,53797,520,43038,102.55,SUPPLY_CHAIN_ACCELERATION
2026-05-07T00:04:44.115Z,Bad Bunny,US-Latin,Amazon Music,Reggaeton,US-UMG-BA-1544,83873,392,67098,159.53,UNCAPTURED_VIRALITY
2026-04-29T06:13:28.670Z,Rosalía,US-Latin,YouTube Music,Pop,US-UMG-RO-1545,4587,473,3670,17.21,STEADY_STATE
2026-04-22T08:18:25.463Z,J Balvin,Mexico,Apple Music,Reggaeton,US-UMG-J -1546,46110,17,36888,38.08,STEADY_STATE
2026-04-19T06:25:09.266Z,Karol G,Spain,YouTube Music,Urbano,US-UMG-KA-1547,13402,451,10722,123.18,SUPPLY_CHAIN_ACCELERATION
2026-05-15T19:50:38.456Z,Rauw Alejandro,Argentina,Spotify,Urbano,US-UMG-RA-1548,3763,257,3010,32.3,STEADY_STATE
2026-04-17T01:49:01.580Z,Anitta,Mexico,Apple Music,Pop,US-UMG-AN-1549,8049,476,6439,194.59,UNCAPTURED_VIRALITY
2026-05-14T08:59:24.977Z,Peso Pluma,Spain,TIDAL,Musica Mexicana,US-UMG-PE-1550,93408,228,74726,236.53,UNCAPTURED_VIRALITY
2026-04-22T11:06:03.571Z,Shakira,Argentina,Apple Music,Pop,US-UMG-SH-1551,80834,422,64667,196.45,UNCAPTURED_VIRALITY
2026-04-27T06:06:29.139Z,Bad Bunny,US-Latin,TIDAL,Reggaeton,US-UMG-BA-1552,21958,176,17566,-14.69,FINANCIAL_STOP_LOSS
2026-05-12T21:14:03.238Z,Rosalía,Argentina,Amazon Music,Pop,US-UMG-RO-1553,11093,182,8874,-32.97,FINANCIAL_STOP_LOSS
2026-05-16T09:32:25.608Z,J Balvin,Brazil,Spotify,Reggaeton,US-UMG-J -1554,47146,217,37717,205.27,UNCAPTURED_VIRALITY
2026-05-06T22:48:00.134Z,Karol G,Spain,Apple Music,Urbano,US-UMG-KA-1555,66658,450,53326,202.73,UNCAPTURED_VIRALITY
2026-04-24T16:38:25.761Z,Rauw Alejandro,Brazil,Apple Music,Urbano,US-UMG-RA-1556,41453,358,33162,-23.82,FINANCIAL_STOP_LOSS
2026-04-17T05:25:49.418Z,Anitta,Spain,TIDAL,Pop,US-UMG-AN-1557,90954,62,72763,181.16,UNCAPTURED_VIRALITY
2026-05-12T16:50:34.280Z,Peso Pluma,Brazil,TIDAL,Musica Mexicana,US-UMG-PE-1558,57352,249,45882,147.52,SUPPLY_CHAIN_ACCELERATION
2026-05-09T09:43:02.938Z,Shakira,Argentina,Apple Music,Pop,US-UMG-SH-1559,88845,313,71076,176.25,UNCAPTURED_VIRALITY
2026-04-29T19:02:38.382Z,Bad Bunny,Mexico,Spotify,Reggaeton,US-UMG-BA-1560,46712,358,37370,-27.66,FINANCIAL_STOP_LOSS
2026-05-02T01:29:29.177Z,Rosalía,Brazil,Spotify,Pop,US-UMG-RO-1561,70122,314,56098,66.4,STEADY_STATE
2026-04-28T06:04:58.141Z,J Balvin,Argentina,YouTube Music,Reggaeton,US-UMG-J -1562,21575,292,17260,90.6,STEADY_STATE
2026-05-05T17:05:17.503Z,Karol G,Mexico,TIDAL,Urbano,US-UMG-KA-1563,81819,324,65455,125.54,SUPPLY_CHAIN_ACCELERATION
2026-04-18T15:57:22.456Z,Rauw Alejandro,Mexico,Spotify,Urbano,US-UMG-RA-1564,37200,184,29760,70.33,STEADY_STATE
2026-05-13T23:23:18.779Z,Anitta,Argentina,TIDAL,Pop,US-UMG-AN-1565,94725,304,75780,136.06,SUPPLY_CHAIN_ACCELERATION
2026-04-24T16:25:08.952Z,Peso Pluma,Brazil,YouTube Music,Musica Mexicana,US-UMG-PE-1566,61612,486,49290,247.95,UNCAPTURED_VIRALITY
2026-05-08T05:11:58.879Z,Shakira,US-Latin,Apple Music,Pop,US-UMG-SH-1567,48081,144,38465,83.34,STEADY_STATE
2026-05-10T03:50:07.091Z,Bad Bunny,Mexico,TIDAL,Reggaeton,US-UMG-BA-1568,3158,391,2526,66.28,STEADY_STATE
2026-05-10T02:46:43.616Z,Rosalía,Brazil,TIDAL,Pop,US-UMG-RO-1569,34641,337,27713,239.15,UNCAPTURED_VIRALITY
2026-05-01T17:49:52.859Z,J Balvin,Spain,Apple Music,Reggaeton,US-UMG-J -1570,87457,264,69966,-44.96,FINANCIAL_STOP_LOSS
2026-04-19T23:26:00.760Z,Karol G,Argentina,Spotify,Urbano,US-UMG-KA-1571,69622,497,55698,245.71,UNCAPTURED_VIRALITY
2026-05-12T05:45:26.957Z,Rauw Alejandro,Brazil,TIDAL,Urbano,US-UMG-RA-1572,51530,474,41224,221.87,UNCAPTURED_VIRALITY
2026-05-11T08:35:33.250Z,Anitta,Argentina,YouTube Music,Pop,US-UMG-AN-1573,5837,165,4670,-17.16,FINANCIAL_STOP_LOSS
2026-04-26T21:41:57.526Z,Peso Pluma,US-Latin,Apple Music,Musica Mexicana,US-UMG-PE-1574,7458,517,5966,117.45,SUPPLY_CHAIN_ACCELERATION
2026-05-08T05:22:38.140Z,Shakira,Spain,Amazon Music,Pop,US-UMG-SH-1575,21596,156,17277,207.34,UNCAPTURED_VIRALITY
2026-04-21T08:26:29.803Z,Bad Bunny,Mexico,YouTube Music,Reggaeton,US-UMG-BA-1576,20451,283,16361,177.4,UNCAPTURED_VIRALITY
2026-04-18T07:51:54.583Z,Rosalía,US-Latin,YouTube Music,Pop,US-UMG-RO-1577,38013,446,30410,-24.86,FINANCIAL_STOP_LOSS
2026-04-26T10:39:55.620Z,J Balvin,Mexico,Apple Music,Reggaeton,US-UMG-J -1578,79750,192,63800,157.02,UNCAPTURED_VIRALITY
2026-04-28T00:03:17.365Z,Karol G,Brazil,TIDAL,Urbano,US-UMG-KA-1579,17190,20,13752,120.08,SUPPLY_CHAIN_ACCELERATION
2026-04-26T22:55:57.410Z,Rauw Alejandro,Argentina,YouTube Music,Urbano,US-UMG-RA-1580,10435,341,8348,31.72,STEADY_STATE
2026-04-26T23:36:05.310Z,Anitta,US-Latin,Amazon Music,Pop,US-UMG-AN-1581,21646,171,17317,244.17,UNCAPTURED_VIRALITY
2026-05-09T23:58:08.108Z,Peso Pluma,Mexico,Amazon Music,Musica Mexicana,US-UMG-PE-1582,92544,181,74035,74.05,STEADY_STATE
2026-04-18T20:32:33.513Z,Shakira,Brazil,Spotify,Pop,US-UMG-SH-1583,25158,445,20126,132.49,SUPPLY_CHAIN_ACCELERATION
2026-05-09T10:02:37.123Z,Bad Bunny,Argentina,Apple Music,Reggaeton,US-UMG-BA-1584,2856,327,2285,111.6,SUPPLY_CHAIN_ACCELERATION
2026-04-24T11:08:21.308Z,Rosalía,Brazil,Spotify,Pop,US-UMG-RO-1585,43842,75,35074,231.8,UNCAPTURED_VIRALITY
2026-05-13T22:02:38.101Z,J Balvin,Argentina,Amazon Music,Reggaeton,US-UMG-J -1586,88763,276,71010,249.83,UNCAPTURED_VIRALITY
2026-04-17T16:36:09.240Z,Karol G,Brazil,TIDAL,Urbano,US-UMG-KA-1587,3452,6,2762,207.57,UNCAPTURED_VIRALITY
2026-05-05T12:45:46.024Z,Rauw Alejandro,US-Latin,Amazon Music,Urbano,US-UMG-RA-1588,28561,405,22849,-14.08,FINANCIAL_STOP_LOSS
2026-05-08T07:01:02.398Z,Anitta,US-Latin,YouTube Music,Pop,US-UMG-AN-1589,75724,280,60579,88.95,STEADY_STATE
2026-04-26T13:33:03.375Z,Peso Pluma,Spain,Spotify,Musica Mexicana,US-UMG-PE-1590,68632,37,54906,115.51,SUPPLY_CHAIN_ACCELERATION
2026-05-10T18:34:30.394Z,Shakira,Spain,Spotify,Pop,US-UMG-SH-1591,63859,55,51087,121.33,SUPPLY_CHAIN_ACCELERATION
2026-04-27T23:00:05.422Z,Bad Bunny,Argentina,YouTube Music,Reggaeton,US-UMG-BA-1592,32358,364,25886,104.82,SUPPLY_CHAIN_ACCELERATION
2026-04-30T04:05:27.770Z,Rosalía,Spain,Amazon Music,Pop,US-UMG-RO-1593,46624,146,37299,73.57,STEADY_STATE
2026-05-16T02:19:25.701Z,J Balvin,Mexico,TIDAL,Reggaeton,US-UMG-J -1594,16869,350,13495,-4.64,FINANCIAL_STOP_LOSS
2026-04-20T10:22:10.883Z,Karol G,Mexico,YouTube Music,Urbano,US-UMG-KA-1595,27207,344,21766,14.19,STEADY_STATE
2026-05-06T02:12:54.741Z,Rauw Alejandro,Spain,Spotify,Urbano,US-UMG-RA-1596,76211,60,60969,-44.35,FINANCIAL_STOP_LOSS
2026-04-27T08:03:36.331Z,Anitta,US-Latin,Amazon Music,Pop,US-UMG-AN-1597,37325,10,29860,239.6,UNCAPTURED_VIRALITY
2026-05-02T03:55:18.187Z,Peso Pluma,Brazil,Amazon Music,Musica Mexicana,US-UMG-PE-1598,29031,194,23225,95.69,STEADY_STATE
2026-05-04T00:26:09.164Z,Shakira,US-Latin,TIDAL,Pop,US-UMG-SH-1599,92525,273,74020,221.23,UNCAPTURED_VIRALITY
2026-04-25T16:18:52.756Z,Bad Bunny,US-Latin,Apple Music,Reggaeton,US-UMG-BA-1600,3559,447,2847,204.74,UNCAPTURED_VIRALITY
2026-05-04T16:22:56.083Z,Rosalía,Argentina,Amazon Music,Pop,US-UMG-RO-1601,94993,476,75994,36.96,STEADY_STATE
2026-05-16T09:48:27.804Z,J Balvin,Spain,YouTube Music,Reggaeton,US-UMG-J -1602,24603,235,19682,-28,FINANCIAL_STOP_LOSS
2026-05-03T10:23:51.027Z,Karol G,Spain,Spotify,Urbano,US-UMG-KA-1603,9003,153,7202,106.81,SUPPLY_CHAIN_ACCELERATION
2026-05-06T03:23:52.806Z,Rauw Alejandro,Spain,Apple Music,Urbano,US-UMG-RA-1604,22711,436,18169,138.68,SUPPLY_CHAIN_ACCELERATION
2026-05-09T01:32:39.894Z,Anitta,US-Latin,YouTube Music,Pop,US-UMG-AN-1605,72770,517,58216,18.81,STEADY_STATE
2026-05-11T06:45:50.542Z,Peso Pluma,Spain,Amazon Music,Musica Mexicana,US-UMG-PE-1606,58621,235,46897,-47.26,FINANCIAL_STOP_LOSS
2026-05-07T18:22:54.364Z,Shakira,Spain,YouTube Music,Pop,US-UMG-SH-1607,66049,163,52839,-48.5,FINANCIAL_STOP_LOSS
2026-05-13T05:55:35.319Z,Bad Bunny,Spain,Amazon Music,Reggaeton,US-UMG-BA-1608,79415,261,63532,-16.07,FINANCIAL_STOP_LOSS
2026-05-13T06:30:06.712Z,Rosalía,Brazil,TIDAL,Pop,US-UMG-RO-1609,1071,75,857,187.8,UNCAPTURED_VIRALITY
2026-05-11T09:43:35.254Z,J Balvin,US-Latin,YouTube Music,Reggaeton,US-UMG-J -1610,33647,242,26918,214.87,UNCAPTURED_VIRALITY
2026-05-01T12:13:29.546Z,Karol G,Spain,Amazon Music,Urbano,US-UMG-KA-1611,100001,291,80001,72.39,STEADY_STATE
2026-05-03T07:10:44.381Z,Rauw Alejandro,US-Latin,Amazon Music,Urbano,US-UMG-RA-1612,10430,461,8344,32.65,STEADY_STATE
2026-05-11T13:33:32.252Z,Anitta,US-Latin,Amazon Music,Pop,US-UMG-AN-1613,14307,467,11446,176.28,UNCAPTURED_VIRALITY
2026-04-22T09:21:53.744Z,Peso Pluma,Argentina,TIDAL,Musica Mexicana,US-UMG-PE-1614,45076,489,36061,175.49,UNCAPTURED_VIRALITY
2026-05-14T06:40:20.320Z,Shakira,Spain,Amazon Music,Pop,US-UMG-SH-1615,15266,250,12213,-45.99,FINANCIAL_STOP_LOSS
2026-04-16T21:53:53.825Z,Bad Bunny,Argentina,Spotify,Reggaeton,US-UMG-BA-1616,30045,152,24036,88.42,STEADY_STATE
2026-05-09T18:53:33.278Z,Rosalía,Spain,TIDAL,Pop,US-UMG-RO-1617,51089,58,40871,-39.81,FINANCIAL_STOP_LOSS
2026-05-11T08:50:10.487Z,J Balvin,Spain,Amazon Music,Reggaeton,US-UMG-J -1618,32189,23,25751,55.56,STEADY_STATE
2026-04-19T13:28:46.990Z,Karol G,US-Latin,Spotify,Urbano,US-UMG-KA-1619,67582,292,54066,-35.96,FINANCIAL_STOP_LOSS
2026-04-23T21:03:25.086Z,Rauw Alejandro,Spain,YouTube Music,Urbano,US-UMG-RA-1620,32062,222,25650,53.99,STEADY_STATE
2026-04-23T03:47:52.264Z,Anitta,Mexico,YouTube Music,Pop,US-UMG-AN-1621,53557,264,42846,-15.81,FINANCIAL_STOP_LOSS
2026-05-05T14:38:39.024Z,Peso Pluma,Brazil,Spotify,Musica Mexicana,US-UMG-PE-1622,85157,198,68126,-33.39,FINANCIAL_STOP_LOSS
2026-05-15T02:18:49.711Z,Shakira,Brazil,Spotify,Pop,US-UMG-SH-1623,4336,501,3469,170.91,UNCAPTURED_VIRALITY
2026-05-13T05:36:01.191Z,Bad Bunny,Mexico,Apple Music,Reggaeton,US-UMG-BA-1624,46189,138,36951,246.87,UNCAPTURED_VIRALITY
2026-05-13T19:41:17.721Z,Rosalía,US-Latin,TIDAL,Pop,US-UMG-RO-1625,62303,296,49842,214.96,UNCAPTURED_VIRALITY
2026-04-22T01:18:03.966Z,J Balvin,Spain,Apple Music,Reggaeton,US-UMG-J -1626,60145,73,48116,82.92,STEADY_STATE
2026-05-16T10:50:36.958Z,Karol G,US-Latin,TIDAL,Urbano,US-UMG-KA-1627,80558,186,64446,-15.67,FINANCIAL_STOP_LOSS
2026-04-22T23:02:58.209Z,Rauw Alejandro,Spain,Spotify,Urbano,US-UMG-RA-1628,1677,481,1342,-36.69,FINANCIAL_STOP_LOSS
2026-04-21T15:00:50.302Z,Anitta,Argentina,YouTube Music,Pop,US-UMG-AN-1629,72880,202,58304,167.47,UNCAPTURED_VIRALITY
2026-04-28T03:43:36.317Z,Peso Pluma,Mexico,YouTube Music,Musica Mexicana,US-UMG-PE-1630,94158,133,75326,128.37,SUPPLY_CHAIN_ACCELERATION
2026-04-25T00:59:44.269Z,Shakira,Argentina,Amazon Music,Pop,US-UMG-SH-1631,67061,39,53649,-38.97,FINANCIAL_STOP_LOSS
2026-05-05T21:47:13.208Z,Bad Bunny,Brazil,Spotify,Reggaeton,US-UMG-BA-1632,76005,142,60804,-19.63,FINANCIAL_STOP_LOSS
2026-05-04T20:27:36.546Z,Rosalía,Spain,YouTube Music,Pop,US-UMG-RO-1633,24971,488,19977,247.58,UNCAPTURED_VIRALITY
2026-04-20T05:04:46.133Z,J Balvin,Brazil,Apple Music,Reggaeton,US-UMG-J -1634,44354,284,35483,200.35,UNCAPTURED_VIRALITY
2026-05-13T20:04:23.647Z,Karol G,US-Latin,YouTube Music,Urbano,US-UMG-KA-1635,93643,268,74914,0.64,STEADY_STATE
2026-05-12T20:30:56.972Z,Rauw Alejandro,Mexico,Apple Music,Urbano,US-UMG-RA-1636,90823,493,72658,26.82,STEADY_STATE
